Rk,Player,Tm,Age,Pos,G,GS,Att,Yds,TD,1D,Lng,Y/A,Y/G,Fmb,-9999
1,Le'Veon Bell*+,PIT,25,RB,15,15,321,1291,9,71,27,4.0,86.1,3,BellLe00
2,LeSean McCoy*,BUF,29,RB,16,16,287,1138,6,57,48,4.0,71.1,3,McCoLe01
3,Melvin Gordon,LAC,24,RB,16,16,284,1105,8,61,87,3.9,69.1,1,GordMe00
4,Todd Gurley*+,LAR,23,RB,15,15,279,1305,13,69,57,4.7,87.0,5,GurlTo01
5,Jordan Howard,CHI,23,RB,16,16,276,1122,9,65,53,4.1,70.1,1,HowaJo00
6,Kareem Hunt*,KAN,22,RB,16,16,272,1327,8,63,69,4.9,82.9,1,HuntKa00
7,Leonard Fournette,JAX,22,RB,13,13,268,1040,9,51,90,3.9,80.0,2,FourLe00
8,Frank Gore,IND,34,RB,16,16,261,961,3,49,21,3.7,60.1,3,GoreFr00
9,C.J. Anderson,DEN,26,RB,16,16,245,1007,3,47,40,4.1,62.9,1,AndeC.00
10,Ezekiel Elliott,DAL,22,RB,10,10,242,983,7,57,30,4.1,98.3,1,ElliEz00
11,Carlos Hyde,SFO,27,RB,16,16,240,938,8,48,61,3.9,58.6,2,HydeCa00
12,Lamar Miller,HOU,26,RB,16,13,238,888,3,45,21,3.7,55.5,1,MillLa01
13,Mark Ingram*,NOR,28,RB,16,12,230,1124,12,52,72,4.9,70.3,3,IngrMa01
14,Latavius Murray,MIN,27,RB,16,11,216,842,8,43,46,3.9,52.6,1,MurrLa00
15,Alex Collins,BAL,23,RB,15,12,212,973,6,53,50,4.6,64.9,4,CollAl00
16,Jay Ajayi,2TM,24,RB,14,8,208,873,1,0,71,4.2,62.4,3,AjayJa00
17,Marshawn Lynch,OAK,31,RB,15,15,207,891,7,45,51,4.3,59.4,1,LyncMa00
18,Isaiah Crowell,CLE,24,RB,16,16,206,853,2,39,59,4.1,53.3,1,CrowIs00
19,Jonathan Stewart,CAR,30,RB,15,10,198,680,6,42,60,3.4,45.3,3,StewJo00
20,Devonta Freeman,ATL,25,RB,14,14,196,865,7,55,44,4.4,61.8,4,FreeDe00
21,DeMarco Murray,TEN,29,RB,15,15,184,659,6,33,75,3.6,43.9,1,MurrDe00
22,Dion Lewis,NWE,27,RB,16,8,180,896,6,49,44,5.0,56.0,0,LewiDi00
23,Joe Mixon,CIN,21,RB,14,7,178,626,4,39,25,3.5,44.7,3,MixoJo00
24,Bilal Powell,NYJ,29,RB,15,10,178,772,5,32,75,4.3,51.5,1,PoweBi00
25,Derrick Henry,TEN,23,RB,16,2,176,744,5,40,75,4.2,46.5,1,HenrDe00
26,Samaje Perine,WAS,22,RB,16,8,175,603,1,23,30,3.4,37.7,2,PeriSa00
27,LeGarrette Blount,PHI,31,RB,16,11,173,766,2,33,68,4.4,47.9,1,BlouLe00
28,Orleans Darkwa,NYG,25,RB,15,11,171,751,5,35,75,4.4,50.1,1,DarkOr00
29,Ameer Abdullah,DET,24,RB,14,11,165,552,4,26,34,3.3,39.4,2,AbduAm00
30,Tevin Coleman,ATL,24,RB,15,3,156,628,5,27,52,4.0,41.9,1,ColeTe01
31,Adrian Peterson,2TM,32,RB,10,7,156,529,2,0,27,3.4,52.9,3,PeteAd01
32,Javorius Allen,BAL,26,RB,16,0,153,591,4,39,37,3.9,36.9,0,AlleJa01
33,Jamaal Williams,GNB,22,RB,16,7,153,556,4,32,25,3.6,34.8,0,WillJa06
34,Jerick McKinnon,MIN,25,RB,16,1,150,570,3,24,58,3.8,35.6,3,McKiJe00
35,Cam Newton,CAR,28,QB,16,16,139,754,6,46,69,5.4,47.1,9,NewtCa00
36,Doug Martin,TAM,28,RB,11,8,138,406,3,22,27,2.9,36.9,1,MartDo00
37,Kenyan Drake,MIA,23,RB,16,6,133,644,3,26,66,4.8,40.3,2,DrakKe00
38,Alvin Kamara*,NOR,22,RB,16,3,120,728,8,42,74,6.1,45.5,1,KamaAl00
39,Kerwynn Williams,ARI,26,RB,16,6,120,426,1,21,25,3.6,26.6,0,WillKe05
40,Christian McCaffrey,CAR,21,RB,16,10,117,435,2,22,40,3.7,27.2,2,McCaCh01
41,Alfred Morris,DAL,29,RB,14,5,115,547,1,25,70,4.8,39.1,0,MorrAl00
42,Chris Ivory,JAX,29,RB,14,3,112,382,1,18,34,3.4,27.3,2,IvorCh00
43,Wayne Gallman,NYG,23,RB,13,1,111,476,0,24,24,4.3,36.6,3,GallWa00
44,Peyton Barber,TAM,23,RB,16,4,108,423,3,25,34,3.9,26.4,2,BarbPe01
45,Giovani Bernard,CIN,26,RB,16,2,105,458,2,21,25,4.4,28.6,0,BernGi00
46,Matt Breida,SFO,22,RB,16,0,105,465,2,23,33,4.4,29.1,1,BreiMa00
47,Mike Gillislee,NWE,27,RB,9,2,104,383,5,25,16,3.7,42.6,1,GillMi00
48,Matt Forte,NYJ,32,RB,12,4,103,381,2,13,20,3.7,31.8,1,FortMa00
49,Russell Wilson*,SEA,29,QB,16,16,95,586,3,36,31,6.2,36.6,14,WilsRu00
50,Marlon Mack,IND,21,RB,14,0,93,358,3,20,35,3.8,25.6,1,MackMa00
51,Elijah McGuire,NYJ,23,RB,16,2,88,315,1,14,69,3.6,19.7,2,McGuEl00
52,Tarik Cohen,CHI,22,RB,16,4,87,370,2,19,46,4.3,23.1,3,CoheTa00
53,Theo Riddick,DET,26,RB,16,5,84,286,3,12,21,3.4,17.9,1,RiddTh00
54,Tyrod Taylor,BUF,28,QB,15,14,84,427,4,28,32,5.1,28.5,4,TaylTy00
55,Duke Johnson,CLE,24,RB,16,0,82,348,4,27,19,4.2,21.8,4,JohnDu00
56,Aaron Jones,GNB,23,RB,12,4,81,448,4,23,46,5.5,37.3,0,JoneAa00
57,Devontae Booker,DEN,25,RB,13,0,79,299,1,13,26,3.8,23.0,2,BookDe00
58,D'Onta Foreman,HOU,21,RB,10,1,78,327,2,13,39,4.2,32.7,2,ForeDO00
59,DeShone Kizer,CLE,21,QB,15,15,77,419,5,32,20,5.4,27.9,9,KizeDe00
60,Corey Clement,PHI,23,RB,16,0,74,321,4,19,28,4.3,20.1,0,ClemCo00
61,Dalvin Cook,MIN,22,RB,4,4,74,354,2,16,33,4.8,88.5,1,CookDa01
62,Alfred Blue,HOU,26,RB,11,0,71,262,1,10,48,3.7,23.8,0,BlueAl00
63,Ty Montgomery,GNB,24,RB,8,5,71,273,3,13,37,3.8,34.1,0,MontTy01
64,Jamaal Charles,DEN,31,RB,14,0,69,296,1,17,19,4.3,21.1,2,CharJa00
65,Eddie Lacy,SEA,27,RB,9,3,69,179,0,7,19,2.6,19.9,0,LacyEd00
66,Mike Davis,SEA,24,RB,6,6,68,240,0,11,33,3.5,40.0,0,DaviMi01
67,Mike Tolbert,BUF,32,RB,12,0,66,247,1,9,25,3.7,20.6,2,TolbMi00
68,Rex Burkhead,NWE,27,RB,10,3,64,264,5,14,31,4.1,26.4,1,BurkRe00
69,Jacquizz Rodgers,TAM,27,RB,16,4,64,244,1,11,36,3.8,15.3,0,RodgJa00
70,Chris Thompson,WAS,27,RB,10,1,64,294,2,11,61,4.6,29.4,3,ThomCh03
71,Carson Wentz*,PHI,25,QB,13,13,64,299,0,27,24,4.7,23.0,9,WentCa00
72,Jacoby Brissett,IND,25,QB,16,15,63,260,4,15,25,4.1,16.3,8,BrisJa00
73,Malcolm Brown,LAR,24,RB,11,1,63,246,1,10,20,3.9,22.4,1,BrowMa03
74,Robert Kelley,WAS,25,RB,7,7,62,194,3,7,21,3.1,27.7,0,KellRo00
75,Marcus Mariota,TEN,24,QB,15,15,60,312,5,23,34,5.2,20.8,2,MariMa01
76,Alex Smith*,KAN,33,QB,15,15,60,355,1,20,70,5.9,23.7,1,SmitAl03
77,Tavon Austin,LAR,27,WR,16,9,59,270,1,11,27,4.6,16.9,5,AustTa00
78,Thomas Rawls,SEA,24,RB,12,3,58,157,0,6,23,2.7,13.1,1,RawlTh00
79,Blake Bortles,JAX,25,QB,16,16,57,322,2,20,28,5.6,20.1,9,BortBl00
80,Dak Prescott,DAL,24,QB,16,16,57,357,6,29,21,6.3,22.3,4,PresDa01
81,DeAndre Washington,OAK,24,RB,15,0,57,153,2,10,11,2.7,10.2,2,WashDe00
82,Jalen Richard,OAK,24,RB,16,1,56,275,1,10,52,4.9,17.2,8,RichJa01
83,Rod Smith,DAL,25,RB,15,1,55,232,4,16,45,4.2,15.5,0,SmitRo06
84,Chris Carson,SEA,23,RB,4,3,49,208,0,13,30,4.2,52.0,0,CarsCh00
85,Kirk Cousins,WAS,29,QB,16,16,49,179,4,19,18,3.7,11.2,13,CousKi00
86,T.J. Yeldon,JAX,24,RB,10,0,49,253,2,7,58,5.2,25.3,2,YeldT.00
87,Austin Ekeler,LAC,22,RB,16,0,47,260,2,13,35,5.5,16.3,2,EkelAu00
88,Wendell Smallwood,PHI,23,RB,8,3,47,174,1,10,26,3.7,21.8,0,SmalWe00
89,J.D. McKissic,SEA,24,WR,13,1,46,187,1,7,30,4.1,14.4,0,McKiJ.00
90,Damien Williams,MIA,25,RB,11,4,46,181,0,7,69,3.9,16.5,0,WillDa05
91,Chris Johnson,ARI,32,RB,4,3,45,114,0,5,11,2.5,28.5,0,JohnCh04
92,Shane Vereen,NYG,28,RB,16,0,45,164,0,3,17,3.6,10.3,0,VereSh00
93,James White,NWE,25,RB,14,4,43,171,0,6,10,4.0,12.2,0,WhitJa02
94,Tion Green,DET,24,RB,5,0,42,165,2,9,33,3.9,33.0,0,GreeTi00
95,Paul Perkins,NYG,23,RB,11,4,41,90,0,3,14,2.2,8.2,0,PerkPa00
96,Mitchell Trubisky,CHI,23,QB,12,12,41,248,2,14,46,6.0,20.7,10,TrubMi00
97,Case Keenum,MIN,29,QB,15,14,40,160,1,13,22,4.0,10.7,1,KeenCa00
98,Terrance West,BAL,26,RB,5,4,39,138,2,12,13,3.5,27.6,1,WestTe00
99,Andy Dalton,CIN,30,QB,16,16,38,99,0,10,25,2.6,6.2,4,DaltAn00
100,Jeremy Hill,CIN,25,RB,7,7,37,116,0,6,13,3.1,16.6,1,HillJe01
101,Josh McCown,NYJ,38,QB,13,13,37,124,5,14,22,3.4,9.5,11,McCoJo01
102,Brett Hundley,GNB,24,QB,11,9,36,270,2,21,24,7.5,24.5,4,HundBr00
103,Deshaun Watson,HOU,22,QB,7,6,36,269,2,14,49,7.5,38.4,3,WatsDe00
104,Branden Oliver,LAC,26,RB,8,0,35,83,0,6,26,2.4,10.4,0,OlivBr01
105,Drew Brees*,NOR,38,QB,16,16,33,12,2,7,7,0.4,0.8,5,BreeDr00
106,Jameis Winston,TAM,23,QB,13,13,33,135,1,8,17,4.1,10.4,15,WinsJa00
107,James Conner,PIT,22,RB,14,0,32,144,0,4,23,4.5,10.3,0,ConnJa00
108,Matt Ryan,ATL,32,QB,16,16,32,143,0,11,16,4.5,8.9,4,RyanMa00
109,Elijhaa Penny,ARI,24,RB,16,0,31,124,2,7,14,4.0,7.8,0,PennEl00
110,Trevor Siemian,DEN,26,QB,11,10,31,127,1,8,15,4.1,11.5,5,SiemTr00
111,Corey Grant,JAX,26,RB,16,0,30,248,2,10,58,8.3,15.5,1,GranCo00
112,Terron Ward,ATL,25,RB,14,0,30,129,0,7,17,4.3,9.2,1,WardTe00
113,Matthew Stafford,DET,29,QB,16,16,29,98,0,9,15,3.4,6.1,12,StafMa00
114,Jared Goff*,LAR,23,QB,15,15,28,51,1,3,22,1.8,3.4,8,GoffJa00
115,Ben Roethlisberger*,PIT,35,QB,15,15,28,47,0,7,14,1.7,3.1,3,RoetBe00
116,C.J. Beathard,SFO,24,QB,7,5,26,136,3,11,16,5.2,19.4,3,BeatC.00
117,Stevan Ridley,PIT,28,RB,2,1,26,108,1,6,21,4.2,54.0,0,RidlSt00
118,Tom Brady*+,NWE,40,QB,16,16,25,28,0,8,7,1.1,1.8,7,BradTo00
119,Joe Flacco,BAL,32,QB,16,16,25,54,1,4,25,2.2,3.4,6,FlacJo00
120,Aaron Rodgers,GNB,34,QB,7,7,24,126,0,10,18,5.3,18.0,1,RodgAa00
121,Travaris Cadet,2TM,28,RB,9,0,23,96,0,0,12,4.2,10.7,0,CadeTr00
122,Derek Carr*,OAK,26,QB,15,15,23,66,0,5,32,2.9,4.4,8,CarrDe02
123,Robert Turbin,IND,28,RB,6,1,23,53,1,9,7,2.3,8.8,0,TurbRo00
124,Blaine Gabbert,ARI,28,QB,5,5,22,82,0,7,12,3.7,16.4,7,GabbBl00
125,Kapri Bibbs,WAS,24,RB,3,0,21,79,0,4,16,3.8,26.3,0,BibbKa00
126,Charles Sims,TAM,27,RB,16,0,21,95,0,6,21,4.5,5.9,1,SimsCh00
127,Andre Ellington,2TM,28,RB,12,2,20,55,1,0,14,2.8,4.6,0,ElliAn00
128,Dwayne Washington,DET,23,RB,5,0,20,44,0,1,6,2.2,8.8,0,WashDw00
129,Jay Cutler,MIA,34,QB,14,14,19,32,0,3,9,1.7,2.3,6,CutlJa00
130,Cameron Artis-Payne,CAR,27,RB,13,0,18,95,1,5,43,5.3,7.3,0,ArtiCa00
131,Philip Rivers*,LAC,36,QB,16,16,18,-2,0,1,8,-0.1,-0.1,8,RivePh00
132,Charcandrick West,KAN,26,RB,13,0,18,72,2,4,21,4.0,5.5,1,WestCh01
133,Tyreek Hill*,KAN,23,WR,15,13,17,59,0,3,16,3.5,3.9,2,HillTy00
134,Kenjon Barner,PHI,28,RB,13,1,16,57,1,3,18,3.6,4.4,3,BarnKe00
135,Ryan Fitzpatrick,TAM,35,QB,6,3,15,78,0,5,15,5.2,13.0,0,FitzRy00
136,Jimmy Garoppolo,SFO,26,QB,6,5,15,11,1,4,8,0.7,1.8,1,GaroJi00
137,Darren Sproles,PHI,34,RB,3,0,15,61,0,4,12,4.1,20.3,1,SproDa00
138,Brock Osweiler,DEN,27,QB,6,4,14,64,1,3,18,4.6,10.7,2,OsweBr00
139,Carson Palmer,ARI,38,QB,7,7,14,12,0,5,4,0.9,1.7,2,PalmCa00
140,Anthony Sherman,KAN,29,RB,16,3,14,40,1,5,9,2.9,2.5,0,SherAn00
141,Danny Woodhead,BAL,32,RB,8,0,14,56,0,2,10,4.0,7.0,0,WoodDa02
142,Zach Zenner,DET,26,RB,8,0,14,26,1,3,14,1.9,3.3,0,ZennZa00
143,Travis Benjamin,LAC,28,WR,16,3,13,96,0,7,22,7.4,6.0,2,BenjTr00
144,Brandon Bolden,NWE,27,RB,16,0,13,67,0,3,20,5.2,4.2,0,BoldBr00
145,Cordarrelle Patterson,OAK,26,WR,16,2,13,121,2,3,47,9.3,7.6,3,PattCo00
146,Eli Manning,NYG,36,QB,15,15,12,26,1,2,14,2.2,1.7,11,MannEl00
147,Lance Dunbar,LAR,27,RB,4,0,11,51,1,4,12,4.6,12.8,0,DunbLa00
148,Nick Foles,PHI,28,QB,7,3,11,3,0,1,9,0.3,0.4,6,FoleNi00
149,Brian Hill,2TM,22,RB,7,0,11,37,0,0,11,3.4,5.3,0,HillBr02
150,David Johnson,ARI,26,RB,1,1,11,23,0,0,6,2.1,23.0,2,JohnDa08
151,C.J. Prosise,SEA,23,RB,5,0,11,23,0,1,8,2.1,4.6,0,ProsC.00
152,Ted Ginn Jr.,NOR,32,WR,15,10,10,39,0,3,15,3.9,2.6,2,GinnTe00
153,Kevin Hogan,CLE,25,QB,4,1,10,71,0,4,11,7.1,17.8,1,HogaKe00
154,Tyler Lockett,SEA,25,WR,16,8,10,58,0,5,22,5.8,3.6,0,LockTy00
155,Randall Cobb,GNB,27,WR,15,14,9,17,0,1,10,1.9,1.1,1,CobbRa00
156,Brandin Cooks,NWE,24,WR,16,15,9,40,0,2,13,4.4,2.5,0,CookBr00
157,Benny Cunningham,CHI,27,RB,14,0,9,29,0,1,12,3.2,2.1,1,CunnBe01
158,Trey Edmunds,NOR,23,RB,16,0,9,48,1,1,41,5.3,3.0,0,EdmuTr00
159,Brian Hoyer,2TM,32,QB,11,6,9,4,1,0,9,0.4,0.4,3,HoyeBr00
160,Sean Mannion,LAR,25,QB,5,1,9,-2,0,3,3,-0.2,-0.4,2,MannSe00
161,Byron Marshall,WAS,23,RB,4,0,9,32,0,1,11,3.6,8.0,0,MarsBy01
162,Jamize Olawale,OAK,28,FB,12,0,9,43,1,5,11,4.8,3.6,1,OlawJa00
163,Drew Stanton,ARI,33,QB,5,4,9,7,0,2,5,0.8,1.4,3,StanDr00
164,Andre Williams,LAC,25,RB,8,0,9,25,0,0,7,2.8,3.1,0,WillAn00
165,Mack Brown,2TM,26,DB,4,0,8,29,0,0,11,3.6,7.3,0,BrowMa02
166,Stefon Diggs,MIN,24,WR,14,14,8,13,0,1,9,1.6,0.9,0,DiggSt00
167,Taylor Gabriel,ATL,26,WR,16,4,8,49,0,4,15,6.1,3.1,0,GabrTa00
168,Akeem Hunt,KAN,24,RB,15,0,8,23,0,1,11,2.9,1.5,0,HuntAk01
169,Landry Jones,PIT,28,QB,3,1,8,-10,0,0,0,-1.3,-3.3,1,JoneLa02
170,Senorise Perry,MIA,26,RB,16,0,8,30,0,2,12,3.8,1.9,0,PerrSe00
171,Taywan Taylor,TEN,22,WR,16,4,8,43,0,1,17,5.4,2.7,0,TaylTa00
172,Joe Webb,BUF,31,QB,16,0,8,54,0,4,22,6.8,3.4,0,WebbJo00
173,Jamison Crowder,WAS,24,WR,15,6,7,34,0,1,11,4.9,2.3,6,CrowJa00
174,C.J. Ham,MIN,24,RB,16,1,7,13,1,5,3,1.9,0.8,0,HamxC.00
175,De'Angelo Henderson,DEN,25,RB,5,0,7,13,0,2,5,1.9,2.6,0,HendDe01
176,Kyle Juszczyk*,SFO,26,FB,14,10,7,31,0,4,12,4.4,2.2,2,JuszKy00
177,Zach Line,NOR,27,RB,12,4,7,28,0,5,9,4.0,2.3,0,LineZa01
178,Patrick Mahomes,KAN,22,QB,1,1,7,10,0,0,5,1.4,10.0,0,MahoPa00
179,Marcus Murphy,BUF,26,RB,1,0,7,41,0,2,25,5.9,41.0,0,MurpMa03
180,Nathan Peterman,BUF,23,QB,4,2,7,23,0,1,9,3.3,5.8,2,PeteNa00
181,Bryce Petty,NYJ,26,QB,4,3,7,55,0,4,24,7.9,13.8,1,PettBr01
182,ArDarius Stewart,NYJ,24,WR,15,2,7,27,0,2,11,3.9,1.8,0,StewAr00
183,Fozzy Whittaker,CAR,28,RB,12,0,7,18,0,2,8,2.6,1.5,0,WhitFo00
184,Martavis Bryant,PIT,26,WR,15,8,6,22,0,0,13,3.7,1.5,0,BryaMa00
185,D.J. Foster,ARI,24,WR,7,0,6,19,0,0,5,3.2,2.7,0,FostD.01
186,Andy Janovich,DEN,24,RB,16,4,6,12,1,3,4,2.0,0.8,0,JanoAn00
187,Raheem Mostert,SFO,25,RB,11,0,6,30,0,1,16,5.0,2.7,1,MostRa00
188,Fitzgerald Toussaint,PIT,27,RB,6,0,6,25,0,2,7,4.2,4.2,0,TousFi00
189,Derek Watt,LAC,25,RB,16,4,6,24,0,2,17,4.0,1.5,0,WattDe00
190,Tommy Bohanon,JAX,27,FB,16,10,5,5,2,2,3,1.0,0.3,0,BohaTo00
191,Michael Campanaro,BAL,26,WR,13,0,5,42,0,2,19,8.4,3.2,4,CampMi02
192,Kellen Clemens,LAC,34,QB,8,0,5,-5,0,0,-1,-1.0,-0.6,0,ClemKe00
193,Matthew Dayes,CLE,23,RB,16,0,5,13,0,1,4,2.6,0.8,0,DayeMa00
194,Alex Erickson,CIN,25,WR,16,0,5,16,0,1,14,3.2,1.0,7,EricAl01
195,MarQueis Gray,MIA,28,TE,16,0,5,14,0,3,5,2.8,0.9,0,GrayMa00
196,Chad Henne,JAX,32,QB,2,0,5,-5,0,0,-1,-1.0,-2.5,0,HennCh01
197,Adoree' Jackson,TEN,22,LCB,16,16,5,55,0,3,20,11.0,3.4,1,JackAd00
198,Matt Jones,IND,24,RB,5,0,5,14,0,1,5,2.8,2.8,0,JoneMa04
199,Paxton Lynch,DEN,23,QB,2,2,5,30,0,2,11,6.0,15.0,2,LyncPa00
200,Aaron Ripkowski,GNB,25,RB,16,2,5,13,0,0,4,2.6,0.8,0,RipkAa00
201,Golden Tate,DET,29,WR,16,12,5,22,0,2,10,4.4,1.4,1,TateGo00
202,Terrell Watson,PIT,24,RB,10,0,5,8,0,3,3,1.6,0.8,0,WatsTe00
203,T.J. Yates,HOU,30,QB,4,3,5,51,0,4,15,10.2,12.8,5,YateT.00
204,Michael Burton,CHI,25,RB,16,3,4,9,0,2,7,2.3,0.6,0,BurtMi00
205,Tyler Ervin,HOU,24,RB,4,0,4,12,0,1,6,3.0,3.0,0,ErviTy00
206,David Fales,MIA,27,QB,2,0,4,8,1,1,3,2.0,4.0,0,FaleDa00
207,David Fluellen,TEN,25,RB,16,0,4,21,0,1,10,5.3,1.3,0,FlueDa00
208,Mike Glennon,CHI,28,QB,4,4,4,4,0,0,2,1.0,1.0,5,GlenMi00
209,Marquise Goodwin,SFO,27,WR,16,16,4,44,0,3,18,11.0,2.8,0,GoodMa00
210,Ryan Mallett,BAL,29,QB,2,0,4,-3,0,1,0,-0.8,-1.5,1,MallRy00
211,Devante Mays,GNB,23,RB,8,0,4,1,0,0,2,0.3,0.1,2,MaysDe00
212,Curtis Samuel,CAR,21,WR,9,4,4,64,0,3,31,16.0,7.1,0,SamuCu00
213,Mohamed Sanu,ATL,28,WR,15,15,4,10,0,3,4,2.5,0.7,0,SanuMo00
214,Tom Savage,HOU,27,QB,8,7,4,2,0,0,3,0.5,0.3,8,SavaTo00
215,Sterling Shepard,NYG,24,WR,11,10,4,4,0,1,12,1.0,0.4,1,ShepSt00
216,Geno Smith,NYG,27,QB,2,1,4,12,0,2,10,3.0,6.0,2,SmitGe00
217,Ryan Switzer,DAL,23,WR,16,0,4,5,0,0,3,1.3,0.3,1,SwitRy00
218,Chosen Anderson,NYJ,24,WR,16,15,3,9,0,0,7,3.0,0.6,0,AndeRo04
219,Teddy Bridgewater,MIN,25,QB,1,0,3,-3,0,0,-1,-1.0,-3.0,0,BridTe00
220,Kaelin Clay,2TM,25,WR,13,2,3,27,0,0,29,9.0,2.1,3,ClayKa00
221,Chase Daniel,NOR,31,QB,1,0,3,-2,0,0,0,-0.7,-2.0,0,DaniCh00
222,LeShun Daniels,WAS,22,RB,4,0,3,14,0,0,8,4.7,3.5,0,DaniLe00
223,Bruce Ellington,HOU,26,WR,11,6,3,17,0,1,13,5.7,1.5,1,ElliBr00
224,Jakeem Grant,MIA,25,WR,16,0,3,12,0,0,7,4.0,0.8,2,GranJa00
225,Chris Hogan,NWE,30,WR,9,7,3,17,0,1,13,5.7,1.9,0,HogaCh00
226,DeSean Jackson,TAM,31,WR,14,13,3,38,0,1,23,12.7,2.7,0,JackDe00
227,Matt Moore,MIA,33,QB,4,2,3,9,0,1,7,3.0,2.3,0,MoorMa01
228,JJ Nelson,ARI,25,WR,16,5,3,37,0,2,16,12.3,2.3,1,NelsJJ00
229,Roosevelt Nix*,PIT,25,RB,16,4,3,0,1,1,1,0.0,0.0,0,NixxRo01
230,Bernard Reedy,2TM,26,WR,11,0,3,17,0,0,10,5.7,1.5,1,ReedBe01
231,Chester Rogers,IND,23,WR,11,4,3,8,0,0,7,2.7,0.7,0,RogeCh02
232,Albert Wilson,KAN,25,WR,13,7,3,6,0,1,6,2.0,0.5,0,WilsAl02
233,Bobo Wilson,TAM,22,WR,3,1,3,8,0,0,8,2.7,2.7,0,WilsJe00
234,Jamal Agnew+,DET,22,DB,13,0,2,9,0,1,5,4.5,0.7,3,AgneJa00
235,Keenan Allen*,LAC,25,WR,16,15,2,9,0,0,6,4.5,0.6,1,AlleKe00
236,Derek Anderson,CAR,34,QB,3,0,2,-2,0,0,-1,-1.0,-0.7,0,AndeDe00
237,Doug Baldwin*,SEA,29,WR,16,16,2,-8,0,0,-3,-4.0,-0.5,0,BaldDo00
238,Sam Bradford,MIN,30,QB,2,2,2,-3,0,0,-1,-1.5,-1.5,0,BradSa00
239,Derrick Coleman,ATL,27,FB,16,7,2,8,0,0,5,4.0,0.5,0,ColeDe00
240,Trevor Davis,GNB,24,WR,16,0,2,13,0,0,9,6.5,0.8,0,DaviTr03
241,Patrick DiMarco,BUF,28,FB,16,9,2,-2,0,0,0,-1.0,-0.1,0,DiMaPa00
242,Jalston Fowler,TEN,27,RB,10,1,2,4,1,1,3,2.0,0.4,0,FowlJa00
243,Will Fuller,HOU,23,WR,10,10,2,9,0,0,5,4.5,0.9,0,FullWi01
244,Darrius Heyward-Bey,PIT,30,WR,16,0,2,32,1,1,29,16.0,2.0,0,HeywDa00
245,Travis Kelce*,KAN,28,TE,15,15,2,7,0,2,4,3.5,0.5,0,KelcTr00
246,Marquette King,OAK,29,P,16,0,2,-14,0,0,-3,-7.0,-0.9,0,KingMa00
247,Tavarres King,NYG,27,WR,8,3,2,3,0,1,11,1.5,0.4,0,KingTa00
248,Tommylee Lewis,NOR,25,WR,15,0,2,14,0,0,8,7.0,0.9,1,LewiTo00
249,Josh Malone,CIN,21,WR,11,7,2,2,0,0,4,1.0,0.2,0,MaloJo00
250,EJ Manuel,OAK,27,QB,2,1,2,15,0,1,10,7.5,7.5,0,ManuEJ00
251,Vince Mayle,BAL,26,WR,16,0,2,2,1,1,2,1.0,0.1,0,MaylVi00
252,Chris Moore,BAL,24,WR,13,4,2,-9,0,0,-4,-4.5,-0.7,0,MoorCh00
253,Niles Paul,WAS,28,TE,14,8,2,4,0,1,5,2.0,0.3,0,PaulNi00
254,Cooper Rush,DAL,24,QB,2,0,2,13,0,1,15,6.5,6.5,0,RushCo00
255,Russell Shepard,CAR,27,WR,15,3,2,19,0,1,11,9.5,1.3,1,ShepRu00
256,C.J. Spiller,KAN,30,RB,1,0,2,0,0,0,1,0.0,0.0,0,SpilC.00
257,Lawrence Thomas,NYJ,24,DE,14,4,2,1,0,0,1,0.5,0.1,0,ThomLa04
258,Deonte Thompson,2TM,28,WR,16,10,2,-5,0,0,0,-2.5,-0.3,1,ThomDe04
259,Scott Tolzien,IND,30,QB,1,1,2,2,0,0,3,1.0,2.0,1,TolzSc00
260,Delanie Walker*,TEN,33,TE,16,11,2,-2,1,1,1,-1.0,-0.1,2,WalkHu00
261,Chad Williams,ARI,23,WR,6,1,2,33,0,1,33,16.5,5.5,0,WillCh05
262,Maxx Williams,BAL,23,TE,11,8,2,6,0,2,4,3.0,0.5,1,WillMa04
263,Terrance Williams,DAL,28,WR,16,14,2,15,0,1,9,7.5,0.9,0,WillTe01
264,Robert Woods,LAR,25,WR,12,11,2,12,0,0,8,6.0,1.0,1,WoodRo02
265,Nelson Agholor,PHI,24,WR,16,10,1,7,0,1,7,7.0,0.4,0,AghoNe00
266,Odell Beckham Jr.,NYG,25,WR,4,2,1,8,0,0,8,8.0,2.0,0,BeckOd00
267,Josh Bellamy,CHI,28,WR,15,7,1,6,0,0,6,6.0,0.4,0,BellJo02
268,Nat Berhe,NYG,26,DB,15,0,1,2,0,1,2,2.0,0.1,0,BerhNa00
269,Matthew Bosher,ATL,30,K,16,0,1,0,0,0,0,0.0,0.0,0,BoshMa00
270,Tyler Bray,KAN,26,QB,1,0,1,0,0,0,0,0.0,0.0,1,BrayTy00
271,John Brown,ARI,27,WR,10,5,1,10,0,1,10,10.0,1.0,0,BrowJo02
272,Dez Bryant,DAL,29,WR,16,16,1,-4,0,0,-4,-4.0,-0.3,1,BryaDe01
273,Damiere Byrd,CAR,24,WR,8,3,1,12,0,1,12,12.0,1.5,0,ByrdDa00
274,Amari Cooper,OAK,23,WR,14,12,1,4,0,1,4,4.0,0.3,1,CoopAm00
275,Pharoh Cooper*+,LAR,22,WR,16,1,1,6,0,1,6,6.0,0.4,3,CoopPh00
276,Austin Davis,SEA,28,QB,3,0,1,-1,0,0,-1,-1.0,-0.3,0,DaviAu00
277,Justin Davis,LAR,22,RB,4,0,1,1,0,0,1,1.0,0.3,0,DaviJu00
278,Josh Doctson,WAS,25,WR,16,14,1,-14,0,0,-14,-14.0,-0.9,0,DoctJo00
279,Phillip Dorsett,NWE,24,WR,15,2,1,7,0,0,7,7.0,0.5,0,DorsPh00
280,Nate Ebner,NWE,29,DB,9,0,1,14,0,1,14,14.0,1.6,1,EbneNa00
281,Evan Engram,NYG,23,TE,15,11,1,14,0,1,14,14.0,0.9,0,EngrEv00
282,Gerald Everett,LAR,23,TE,16,2,1,13,0,1,13,13.0,0.8,1,EverGe00
283,Josh Ferguson,IND,24,RB,10,0,1,5,0,0,5,5.0,0.5,0,FergJo02
284,Kenny Golladay,DET,24,WR,11,5,1,9,0,0,9,9.0,0.8,0,GollKe00
285,Taylor Heinicke,HOU,24,QB,1,0,1,2,0,0,2,2.0,2.0,0,HeinTa00
286,Rashard Higgins,CLE,23,WR,15,4,1,4,0,0,4,4.0,0.3,1,HiggRa00
287,Bronson Hill,ARI,24,RB,2,0,1,-2,0,0,-2,-2.0,-1.0,0,HillBr01
288,Josh Hill,NOR,27,TE,16,11,1,-8,0,0,-8,-8.0,-0.5,2,HillJo02
289,Jacob Hollister,NWE,24,TE,15,1,1,5,0,0,5,5.0,0.3,0,HollJa03
290,Adam Humphries,TAM,24,WR,16,3,1,6,0,1,6,6.0,0.4,1,HumpAd00
291,Chris Jones,DAL,28,P,16,0,1,24,0,1,24,24.0,1.5,0,JoneCh02
292,Julio Jones*,ATL,28,WR,16,16,1,15,0,1,15,15.0,0.9,0,JoneJu02
293,Cody Kessler,CLE,24,QB,3,0,1,-1,0,0,-1,-1.0,-0.3,0,KessCo00
294,John Kuhn,NOR,35,FB,2,1,1,2,0,1,2,2.0,1.0,0,KuhnJo00
295,Jarvis Landry*,MIA,25,WR,16,16,1,-7,0,0,-7,-7.0,-0.4,4,LandJa00
296,Marqise Lee,JAX,26,WR,14,14,1,17,0,1,17,17.0,1.2,1,LeexMa00
297,Wil Lutz,NOR,23,K,16,0,1,4,0,0,4,4.0,0.3,0,LutzWi00
298,Rishard Matthews,TEN,28,WR,14,11,1,-3,0,0,-3,-3.0,-0.2,0,MattRi00
299,Darren McFadden,DAL,30,RB,1,0,1,-2,0,0,-2,-2.0,-2.0,0,McFaDa00
300,Isaiah McKenzie,DEN,22,WR,11,0,1,4,0,0,4,4.0,0.4,6,McKeIs00
301,Braxton Miller,HOU,25,WR,11,3,1,1,0,0,1,1.0,0.1,0,MillBr03
302,Jojo Natson,NYJ,23,WR,7,0,1,15,0,1,15,15.0,2.1,1,NatsJo00
303,David Njoku,CLE,21,TE,16,5,1,1,0,0,1,1.0,0.1,0,NjokDa00
304,Bobby Rainey,BAL,30,RB,4,0,1,2,0,0,2,2.0,0.5,0,RainBo00
305,Kalif Raymond,2TM,23,WR,8,0,1,-1,0,0,0,-1.0,-0.1,5,RaymKa00
306,Kasey Redfern,DET,26,P,1,0,1,10,0,0,10,10.0,10.0,0,RedfKa00
307,John Ross,CIN,22,WR,3,1,1,12,0,0,12,12.0,4.0,1,RossJo00
308,Torrey Smith,PHI,28,WR,16,14,1,-3,0,0,-3,-3.0,-0.2,0,SmitTo02
309,Nate Sudfeld,PHI,24,QB,1,0,1,22,0,1,22,22.0,22.0,0,SudfNa00
310,Adam Thielen*,MIN,27,WR,16,16,1,11,0,1,11,11.0,0.7,3,ThieAd00
311,De'Anthony Thomas,KAN,24,RB,16,2,1,4,0,0,4,4.0,0.3,1,ThomDe05
312,Bryce Treggs,CLE,23,WR,6,1,1,6,0,0,6,6.0,1.0,1,TregBr00
313,Mike Wallace,BAL,31,WR,15,14,1,4,0,0,4,4.0,0.3,0,WallMi00
314,Eric Weems,TEN,32,WR,16,0,1,0,0,0,0,0.0,0.0,0,WeemEr00
315,Jermaine Whitehead,GNB,24,DB,10,0,1,7,0,1,7,7.0,0.7,0,WhitJe02
316,Kyle Williams,BUF,34,LDT,16,16,1,1,1,1,1,1.0,0.1,0,WillKy20
