Player,Team,Position,Value,APY,Guaranteed,"APY% Of
Cap","Inflated
Value","Inflated
APY","Inflated
Guaranteed"
LeSean McCoy,Eagles,RB,45000000,9000000,20765000,7.50,83880597,16776119,38706235
Arian Foster,Texans,RB,43500000,8700000,20750000,7.20,81084577,16216915,38678275
Matt Forte,Bears,RB,30400000,7600000,17100000,6.30,56666003,14166501,31874627
Marshawn Lynch,Seahawks,RB,30000000,7500000,17000000,6.20,55920398,13980100,31688226
Jonathan Stewart,Panthers,RB,36500000,7300000,23000000,6.10,68036484,13607297,42872305
Ray Rice,Ravens,RB,35000000,7000000,22000000,5.80,65240464,13048093,41008292
Trent Richardson,CLE/IND,RB,20489796,5122449,20489796,4.20,38193252,9548313,38193252
Michael Bush,Bears,RB,14000000,3500000,7000000,2.90,26096186,6524046,13048093
BenJarvus Green-Ellis,Bengals,RB,9000000,3000000,3000000,2.50,16776119,5592040,5592040
Doug Martin,Buccaneers,RB,6787528,1696882,5471956,1.40,12652042,3163011,10199799
David Wilson,Giants,RB,6684502,1671126,5382979,1.40,12460000,3115001,10033944
Isaiah Pead,Rams,RB,4038100,1009525,2340350,0.80,7527072,1881768,4362443
LaMichael James,49ers,RB,3318898,829725,1046740,0.70,6186470,1546618,1951137
Ronnie Hillman,Broncos,RB,3000832,750208,690832,0.60,5593591,1398398,1287720
Bernard Pierce,JAX/BAL,RB,2655944,663986,555944,0.60,4950715,1237679,1036287
Lamar Miller,Dolphins,RB,2586000,646500,486000,0.50,4820338,1205085,905910
Robert Turbin,CLE/SEA,RB,2556456,639114,456456,0.50,4765268,1191317,850840
Evan Rodriguez,MIA/CHI,RB,2545200,636300,445200,0.50,4744287,1186072,829859
Chris Rainey,Steelers,RB,2281652,570413,181652,0.50,4253030,1063257,338602
Vick Ballard,Colts,RB,2244560,561140,144560,0.50,4183890,1045972,269462
Cyrus Gray,Chiefs,RB,2232672,558168,107672,0.50,4161730,1040433,200702
Alfred Morris,Commanders,RB,2223100,555775,123100,0.50,4143888,1035972,229460
Dan Herron,Bengals,RB,2203152,550788,103152,0.50,4106705,1026676,192277
Terrance Ganaway,LAR/NYJ,RB,2178680,544670,78680,0.50,4061088,1015272,146661
Michael Smith,Buccaneers,RB,2165148,541287,65148,0.40,4035865,1008966,121437
Bryce Brown,Eagles,RB,2150880,537720,50880,0.40,4009269,1002317,94841
Daryl Richardson,NYJ/LAR,RB,2145896,536474,45896,0.40,3999979,999995,85551
Edwin Baker,Chargers,RB,2145896,536474,45896,0.40,3999979,999995,85551
Stanley Havili,Colts,RB,1440000,480000,0,0.40,2684179,894726,0
Edwin Baker,Chargers,RB,1290000,430000,0,0.40,2404577,801526,0
Adrian Peterson,Vikings,RB,85280000,14213333,36000000,11.80,159260179,26543362,67229907
Chris Johnson,Titans,RB,53975000,13493750,30000000,11.20,100798172,25199543,56024922
DeAngelo Williams,Panthers,RB,43000000,8600000,21000000,7.10,80302388,16060478,39217445
Ahmad Bradshaw,Giants,RB,18000000,4500000,9000000,3.70,33614953,8403738,16807477
Darren Sproles,Saints,RB,10500000,3500000,6000000,2.90,19608723,6536241,11204984
Pierre Thomas,Saints,RB,11545000,2886250,5250000,2.40,21560258,5390064,9804361
Mark Ingram,Saints,RB,7416750,1854188,6030375,1.50,13850761,3462691,11261710
Ryan Williams,Cardinals,RB,5007432,1251858,0,1.00,9351366,2337842,0
Shane Vereen,Patriots,RB,3461150,865288,1762238,0.70,6463689,1615923,3290975
Mikel Leshoure,Lions,RB,3434178,858545,0,0.70,6413318,1603331,0
Daniel Thomas,Dolphins,RB,3236387,809097,1061740,0.70,6043944,1510987,1982797
DeMarco Murray,Cowboys,RB,2973440,743360,662500,0.60,5552891,1388223,1237217
Stevan Ridley,Patriots,RB,2953500,738375,0,0.60,5515654,1378913,0
Alex Green,NYJ/GB,RB,2577500,644375,515000,0.50,4813475,1203369,961761
Roy Helu,Commanders,RB,2510252,627563,470252,0.50,4687889,1171972,878194
Kendall Hunter,49ers,RB,2479220,619805,488020,0.50,4629937,1157484,911376
Delone Carter,IND/BAL,RB,2465204,616301,425203,0.50,4603762,1150941,794065
Owen Marecic,Browns,RB,2448000,612000,408000,0.50,4571634,1142908,761939
Bilal Powell,Jets,RB,2440500,610125,400500,0.50,4557627,1139407,747933
Jamie Harper,Titans,RB,2428580,607145,388580,0.50,4535367,1133842,725672
Johnny White,Bills,RB,2253612,563403,213611,0.50,4208615,1052154,398918
Jacquizz Rodgers,Falcons,RB,2231000,557750,191000,0.50,4166387,1041597,356692
Dion Lewis,PHI/CLE,RB,2228880,557220,188880,0.50,4162428,1040607,352733
Jordan Todman,Chargers,RB,2144072,536018,104072,0.40,4004049,1001012,194354
Greg Jones,Giants,RB,2143788,535947,103787,0.40,4003519,1000880,193822
Shaun Chapas,Cowboys,RB,2126852,531713,56852,0.40,3971891,992973,106171
Shane Bannon,Chiefs,RB,2106392,526598,51392,0.40,3933682,983420,95974
Da'Rel Scott,Giants,RB,2095952,523988,55952,0.40,3914185,978546,104490
Evan Royster,Commanders,RB,2147672,522721,107672,0.40,4010772,976180,201077
Anthony Allen,Ravens,RB,2090356,522590,50356,0.40,3903734,975935,94040
Baron Batch,Steelers,RB,2086512,521628,46512,0.40,3896556,974139,86861
Jay Finley,Bengals,RB,2085895,521474,45895,0.40,3895403,973851,85709
Shaun Chapas,Cowboys,RB,2070000,517500,0,0.40,3865720,966430,0
Evan Royster,Commanders,RB,2040000,510000,0,0.40,3809695,952424,0
Jamaal Charles,Chiefs,RB,27000000,5400000,10000000,4.20,47051163,9410233,17426357
C.J. Spiller,Bills,RB,24304587,4860917,20000000,3.80,42354040,8470807,34852713
Ryan Mathews,Chargers,RB,17786250,3557250,13366250,2.80,30994953,6198991,23292504
James Casey,Eagles,RB,12000000,4000000,6015000,3.30,21931707,7310569,10993268
Steven Jackson,Falcons,RB,12000000,4000000,4000000,3.30,21931707,7310569,7310569
Reggie Bush,Lions,RB,16000000,4000000,4000000,3.30,29242276,7310569,7310569
Shonn Greene,Titans,RB,10000000,3333333,4500000,2.70,18276423,6092140,8224390
DeAngelo Williams,Panthers,RB,10000000,3333333,4000000,2.70,18276423,6092140,7310569
Chris Ivory,Jets,RB,6000000,2000000,2250000,1.60,10965854,3655285,4112195
Danny Woodhead,Chargers,RB,3500000,1750000,1000000,1.40,6396748,3198374,1827642
Giovani Bernard,Bengals,RB,5253340,1313335,3249400,1.10,9601226,2400307,5938741
Justin Forsett,Jaguars,RB,2300000,1150000,300000,0.90,4203577,2101789,548293
Le'Veon Bell,Steelers,RB,4120600,1030150,1376800,0.80,7530983,1882746,2516298
Montee Ball,Broncos,RB,3464326,866082,1629512,0.70,6331549,1582888,2978165
Eddie Lacy,Packers,RB,3392412,848103,1042208,0.70,6200116,1550029,1904783
Christine Michael,DAL/SEA,RB,3374430,843608,1014132,0.70,6167251,1541814,1853471
Knile Davis,NYJ/GB/KC,RB,2741016,685254,506016,0.60,5009597,1252399,924816
Johnathan Franklin,Packers,RB,2565468,641367,405468,0.50,4688758,1172189,741050
Marcus Lattimore,49ers,RB,2460584,615146,300584,0.50,4497067,1124267,549360
Delone Carter,Jaguars,RB,1200000,600000,0,0.50,2193171,1096585,0
Stepfan Taylor,Cardinals,RB,2360500,590125,200500,0.50,4314150,1078537,366442
Joseph Randle,Cowboys,RB,2348880,587220,0,0.50,4292912,1073228,0
Chris Thompson,Commanders,RB,2345000,586250,185000,0.50,4285821,1071455,338114
Zac Stacy,NYJ/LAR,RB,2336500,584125,176500,0.50,4270286,1067572,322579
Mike Gillislee,Dolphins,RB,2322800,580700,162800,0.50,4245247,1061312,297540
Kenjon Barner,CAR/PHI,RB,2265800,566450,105800,0.50,4141072,1035268,193365
Andre Ellington,Cardinals,RB,2263864,565966,103864,0.50,4137534,1034383,189826
Mike James,Buccaneers,RB,2263152,565788,103152,0.50,4136232,1034058,188525
Rex Burkhead,Bengals,RB,2262200,565550,102200,0.50,4134492,1033623,186785
Spencer Ware,Seahawks,RB,2257432,564358,97432,0.50,4125778,1031445,178071
Theo Riddick,Lions,RB,2251000,562750,91000,0.50,4114023,1028506,166315
Jawan Jamison,Commanders,RB,2210880,552720,50880,0.40,4040698,1010174,92990
Kerwynn Williams,Colts,RB,2209824,552456,49824,0.40,4038768,1009692,91060
Michael Cox,Giants,RB,2205896,551474,45896,0.40,4031589,1007897,83881
Latavius Murray,Raiders,RB,2191200,547800,106200,0.40,4004730,1001182,194096
Kerwynn Williams,Colts,RB,2160000,540000,0,0.40,3947707,986927,0
Dan Herron,Colts,RB,1050000,525000,0,0.40,1919024,959512,0
Evan Rodriguez,Bills,RB,1050000,525000,0,0.40,1919024,959512,0
Chris Rainey,Colts,RB,1050000,525000,0,0.40,1919024,959512,0
C.J. Anderson,Broncos,RB,1497500,499167,12500,0.40,2736894,912299,22846
Jawan Jamison,Commanders,RB,1485000,495000,0,0.40,2714049,904683,0
Drake Dunsmore,Buccaneers,RB,900000,450000,0,0.40,1644878,822439,0
Jamaal Charles,Chiefs,RB,28000000,7000000,2950000,5.30,47326316,11831579,4986165
Chris Johnson,Jets,RB,8000000,4000000,3000000,3.00,13521805,6760902,5070677
Darren Sproles,Eagles,RB,7000000,3500000,5500000,2.60,11831579,5915789,9296241
Donald Brown,Chargers,RB,10500000,3500000,4000000,2.60,17747368,5915789,6760902
Toby Gerhart,Jaguars,RB,10500000,3500000,4500000,2.60,17747368,5915789,7606015
Joique Bell,Lions,RB,9300000,3100000,4300000,2.30,15719098,5239699,7267970
Dexter McCluster,Titans,RB,9000000,3000000,4500000,2.30,15212030,5070677,7606015
Knowshon Moreno,Dolphins,RB,3000000,3000000,1250000,2.30,5070677,5070677,2112782
Danny Woodhead,Chargers,RB,5500000,2750000,3000000,2.10,9296241,4648120,5070677
Fred Jackson,Bills,RB,2600000,2600000,0,2.00,4394586,4394586,0
Maurice Jones-Drew,Raiders,RB,7500000,2500000,1200000,1.90,12676692,4225564,2028271
Rashad Jennings,Giants,RB,10000000,2500000,2980000,1.90,16902256,4225564,5036872
Pierre Thomas,Saints,RB,6900000,2300000,2400000,1.70,11662556,3887519,4056541
LeGarrette Blount,Steelers,RB,3850000,1925000,950000,1.40,6507368,3253684,1605714
Darren McFadden,Raiders,RB,1750000,1750000,100000,1.30,2957895,2957895,169023
James Starks,Packers,RB,3250000,1625000,725000,1.20,5493233,2746617,1225414
Taiwan Jones,Raiders,RB,4355000,1451667,855000,1.10,7360932,2453645,1445143
Anthony Dixon,Bills,RB,3500000,1166667,750000,0.90,5915789,1971930,1267669
Bishop Sankey,Titans,RB,3843496,960874,1709976,0.70,6496375,1624094,2890245
Jeremy Hill,Bengals,RB,3753602,938401,1640510,0.70,6344434,1586109,2772832
Carlos Hyde,49ers,RB,3681678,920420,1954933,0.70,6222866,1555717,3304278
Kendall Hunter,49ers,RB,870000,870000,760000,0.70,1470496,1470496,1284571
LeGarrette Blount,Patriots,RB,1730000,865000,0,0.70,2924090,1462045,0
Ahmad Bradshaw,Colts,RB,855000,855000,0,0.60,1445143,1445143,0
Richie Brockel,Panthers,RB,1610000,805000,150000,0.60,2721263,1360632,253534
Charles Sims,Buccaneers,RB,3103092,775773,684092,0.60,5244925,1311231,1156270
Tre Mason,Rams,RB,2980938,745235,637500,0.60,5038458,1259615,1077519
Michael Bush,Cardinals,RB,730000,730000,0,0.50,1233865,1233865,0
Justin Forsett,Ravens,RB,730000,730000,0,0.50,1233865,1233865,0
Terrance West,CLE/TEN,RB,2783400,695850,527400,0.50,4704574,1176143,891425
Jerick McKinnon,Vikings,RB,2765000,691250,515000,0.50,4673474,1168368,870466
Dri Archer,Steelers,RB,2748016,687004,506016,0.50,4644767,1161192,855281
Devonta Freeman,Falcons,RB,2704424,676106,484424,0.50,4571087,1142772,818786
Andre Williams,NYG/LAC,RB,2673600,668400,453600,0.50,4518987,1129747,766686
Ka'Deem Carey,Bears,RB,2663380,665845,443380,0.50,4501713,1125428,749412
James White,Patriots,RB,2617088,654272,397088,0.50,4423469,1105867,671168
Andre Brown,Texans,RB,645000,645000,0,0.50,1090195,1090195,0
Daniel Thomas,Dolphins,RB,645000,645000,0,0.50,1090195,1090195,0
Jordan Todman,Jaguars,RB,645000,645000,0,0.50,1090195,1090195,0
Lorenzo Taliaferro,Ravens,RB,2520584,630146,300584,0.50,4260356,1065089,508055
Evan Rodriguez,Buccaneers,RB,1230000,615000,0,0.50,2078977,1039489,0
Anthony Allen,Bills,RB,1230000,615000,0,0.50,2078977,1039489,0
Jeremy Stewart,Broncos,RB,1230000,615000,0,0.50,2078977,1039489,0
Dion Lewis,Colts,RB,1230000,615000,0,0.50,2078977,1039489,0
Shaun Chapas,Jaguars,RB,1230000,615000,0,0.50,2078977,1039489,0
Michael Cox,Giants,RB,1755000,585000,0,0.40,2966346,988782,0
Alfred Blue,Texans,RB,2337932,584483,117932,0.40,3951632,987908,199332
Lache Seastrunk,Commanders,RB,2330500,582625,110500,0.40,3939071,984768,186770
Marion Grice,Chargers,RB,2318896,579724,98896,0.40,3919457,979864,167157
Tyler Gaffney,CAR/NE,RB,2316600,579150,96600,0.40,3915577,978894,163276
Bradie Ewing,JAX/ATL,RB,2284192,571048,184192,0.40,3860800,965200,311326
Storm Johnson,Jaguars,RB,2282728,570682,62728,0.40,3858325,964581,106024
Ryan Williams,Cowboys,RB,570000,570000,0,0.40,963429,963429,0
Shaun Chapas,Ravens,RB,570000,570000,0,0.40,963429,963429,0
LaMichael James,Dolphins,RB,570000,570000,0,0.40,963429,963429,0
Chris Thompson,Commanders,RB,1080000,540000,0,0.40,1825444,912722,0
Bryce Brown,Bills,RB,2150880,537720,50880,0.40,3635472,908868,85999
Isaiah Crowell,Browns,RB,1540000,513333,10000,0.40,2602947,867649,16902
Damien Williams,Dolphins,RB,1533500,511167,3500,0.40,2591961,863988,5916
Glenn Winston,Browns,RB,1530000,510000,0,0.40,2586045,862015,0
Edwin Baker,Saints,RB,495000,495000,0,0.40,836662,836662,0
Michael Smith,Jets,RB,495000,495000,0,0.40,836662,836662,0
Jawan Jamison,Steelers,RB,495000,495000,0,0.40,836662,836662,0
Adrian Peterson,Vikings,RB,42000000,14000000,13000000,9.80,65896147,21965382,20396427
Marshawn Lynch,Seahawks,RB,24000000,12000000,12000000,8.40,37654941,18827471,18827471
LeSean McCoy,Bills,RB,40050000,8010000,26050000,5.60,62836683,12567337,40871301
DeMarco Murray,Eagles,RB,40000000,8000000,21000000,5.60,62758236,12551647,32948074
Shane Vereen,Giants,RB,12350000,4116667,4750000,2.90,19376605,6458869,7452540
Frank Gore,Colts,RB,12000000,4000000,6500000,2.80,18827471,6275824,10198213
C.J. Spiller,Saints,RB,16000000,4000000,9000000,2.80,25103294,6275824,14120603
Mark Ingram,Saints,RB,16000000,4000000,7600000,2.80,25103294,6275824,11924065
Ryan Mathews,Eagles,RB,11000000,3666667,5000000,2.60,17258515,5752839,7844779
Todd Gurley,Rams,RB,13823180,3455795,13823180,2.40,21687960,5421990,21687960
Donald Brown,Chargers,RB,6500000,3250000,0,2.30,10198213,5099107,0
Justin Forsett,Ravens,RB,9000000,3000000,3000000,2.10,14120603,4706868,4706868
Melvin Gordon,Chargers,RB,10669762,2667441,10669762,1.90,16740386,4185097,16740386
Reggie Bush,49ers,RB,2500000,2500000,1000000,1.70,3922390,3922390,1568956
Roy Helu,Raiders,RB,4100000,2050000,1000000,1.40,6432719,3216360,1568956
Bilal Powell,Jets,RB,2000000,2000000,750000,1.40,3137912,3137912,1176717
DeAngelo Williams,Steelers,RB,4000000,2000000,1130000,1.40,6275824,3137912,1772920
Trent Richardson,Raiders,RB,3850000,1925000,600000,1.30,6040480,3020240,941374
Dion Lewis,Patriots,RB,3000000,1500000,600000,1.00,4706868,2353434,941374
Darren McFadden,Cowboys,RB,3000000,1500000,200000,1.00,4706868,2353434,313791
T.J. Yeldon,Jaguars,RB,5913776,1478444,3699736,1.00,9278454,2319613,5804723
Stevan Ridley,Jets,RB,1250000,1250000,0,0.90,1961195,1961195,0
Ameer Abdullah,MIN/DET,RB,4156126,1039032,2291551,0.70,6520778,1630195,3595342
Steven Jackson,Patriots,RB,970000,970000,0,0.70,1521887,1521887,0
Fred Jackson,Seahawks,RB,900000,900000,0,0.60,1412060,1412060,0
Pierre Thomas,WAS/SF,RB,870000,870000,0,0.60,1364992,1364992,0
Chris Johnson,Cardinals,RB,870000,870000,400000,0.60,1364992,1364992,627582
Ahmad Bradshaw,Colts,RB,870000,870000,0,0.60,1364992,1364992,0
Vladimir Ducasse,Bears,RB,825000,825000,0,0.60,1294389,1294389,0
Tevin Coleman,Falcons,RB,3219372,804843,745244,0.60,5051053,1262763,1169255
Jacquizz Rodgers,Bears,RB,785000,785000,0,0.50,1231630,1231630,0
Duke Johnson,Browns,RB,3105092,776273,710092,0.50,4871752,1217938,1114103
Jordan Todman,Panthers,RB,765000,765000,20000,0.50,1200251,1200251,31379
Chris Polk,Texans,RB,760000,760000,0,0.50,1192406,1192406,0
Ryan Williams,Cowboys,RB,1500000,750000,240000,0.50,2353434,1176717,376549
David Johnson,Cardinals,RB,2992872,748218,639372,0.50,4695684,1173921,1003146
Jordan Todman,Steelers,RB,745000,745000,0,0.50,1168872,1168872,0
Jalen Parmele,Browns,RB,745000,745000,0,0.50,1168872,1168872,0
Daniel Thomas,Bears,RB,745000,745000,0,0.50,1168872,1168872,0
Ty Montgomery,BAL/GB,RB,2948794,737199,606544,0.50,4626528,1156633,951641
Matt Jones,IND/WAS,RB,2921416,730354,599416,0.50,4583573,1145893,940457
Jeremy Langford,Bears,RB,2823624,705906,543624,0.50,4430142,1107535,852922
Buck Allen,Ravens,RB,2754472,688618,474472,0.50,4321645,1080411,744426
Mike Davis,SF/SEA,RB,2748780,687195,468780,0.50,4312715,1078179,735495
LaMichael James,Dolphins,RB,680000,680000,0,0.50,1066890,1066890,0
Dan Herron,Bills,RB,660000,660000,0,0.50,1035511,1035511,0
Robert Turbin,Cowboys,RB,660000,660000,0,0.50,1035511,1035511,0
Kendall Hunter,Saints,RB,660000,660000,0,0.50,1035511,1035511,0
Bryce Brown,Seahawks,RB,660000,660000,0,0.50,1035511,1035511,0
Dan Herron,Colts,RB,660000,660000,0,0.50,1035511,1035511,0
Evan Royster,Falcons,RB,660000,660000,0,0.50,1035511,1035511,0
David Cobb,Titans,RB,2525668,631417,245668,0.40,3962662,990665,385442
Mike James,Buccaneers,RB,1260000,630000,0,0.40,1976884,988442,0
Jay Ajayi,MIA/PHI,RB,2500812,625203,220812,0.40,3923664,980916,346444
Karlos Williams,Bills,RB,2495352,623838,215352,0.40,3915097,978774,337878
Cameron Artis-Payne,Panthers,RB,2446252,611563,166252,0.40,3838061,959515,260842
Josh Robinson,Colts,RB,2388168,597042,108168,0.40,3746930,936733,169711
Marcus Murphy,NO/NYJ,RB,2349288,587322,69288,0.40,3685929,921482,108710
Isaiah Pead,Steelers,RB,585000,585000,0,0.40,917839,917839,0
Christine Michael,Seahawks,RB,585000,585000,0,0.40,917839,917839,0
Daryl Richardson,Browns,RB,585000,585000,0,0.40,917839,917839,0
Edwin Baker,Saints,RB,585000,585000,0,0.40,917839,917839,0
Jorvorskie Lane,Buccaneers,RB,585000,585000,0,0.40,917839,917839,0
Dion Lewis,Patriots,RB,585000,585000,0,0.40,917839,917839,0
Daryl Richardson,Jets,RB,585000,585000,0,0.40,917839,917839,0
Jonas Gray,Jaguars,RB,1160000,580000,0,0.40,1819989,909994,0
Zurlon Tipton,Colts,RB,1110000,555000,0,0.40,1741541,870771,0
Kenjon Barner,Eagles,RB,1110000,555000,0,0.40,1741541,870771,0
Kerwynn Williams,Cardinals,RB,1110000,555000,0,0.40,1741541,870771,0
Michael Hill,Cowboys,RB,1110000,555000,0,0.40,1741541,870771,0
Spencer Ware,Chiefs,RB,1110000,555000,0,0.40,1741541,870771,0
Trey Watts,Rams,RB,1110000,555000,0,0.40,1741541,870771,0
Collin Mooney,Falcons,RB,1110000,555000,0,0.40,1741541,870771,0
Michael Ford,Falcons,RB,1110000,555000,0,0.40,1741541,870771,0
Thomas Rawls,Seahawks,RB,1590000,530000,15000,0.40,2494640,831547,23534
Tyler Varga,Colts,RB,1581000,527000,6000,0.40,2480519,826840,9414
Zach Zenner,Lions,RB,1580000,526667,5000,0.40,2478950,826317,7845
Corey Grant,Jaguars,RB,1580000,526667,5000,0.40,2478950,826317,7845
John Crockett,Packers,RB,1580000,526667,5000,0.40,2478950,826317,7845
Raheem Mostert,Eagles,RB,1580000,526667,12500,0.40,2478950,826317,19612
Mark Weisman,Bengals,RB,1578500,526167,3500,0.40,2476597,825533,5491
Tony Creecy,Patriots,RB,1575000,525000,0,0.40,2471106,823702,0
Jarryd Hayne,49ers,RB,1575000,525000,0,0.40,2471106,823702,0
Luke Lundy,Browns,RB,1575000,525000,0,0.40,2471106,823702,0
Ricky Seale,Bills,RB,1575000,525000,0,0.40,2471106,823702,0
Braylon Heard,Steelers,RB,1575000,525000,0,0.40,2471106,823702,0
Jawon Chisholm,Steelers,RB,1575000,525000,0,0.40,2471106,823702,0
Silas Redd,Commanders,RB,1538000,512667,8000,0.40,2413054,804352,12552
Cierre Wood,Bills,RB,510000,510000,0,0.40,800168,800168,0
Mike Gillislee,Bills,RB,510000,510000,0,0.40,800168,800168,0
Terrance West,Ravens,RB,510000,510000,0,0.40,800168,800168,0
Chandler Harnish,Colts,QB,2145896,536474,45896,0.4,3999979,999995,85551
B.J. Coleman,Packers,QB,2145896,536474,45896,0.4,3999979,999995,85551
Case Keenum,Texans,QB,1452000,484000,12000,0.4,2706547,902182,22368
Austin Davis,Rams,QB,1445000,481667,17500,0.4,2693499,897834,32620
Kirk Cousins,Commanders,QB,2572688,643172,472688,0.5,4795525,1198881,881097
Ryan Lindley,Cardinals,QB,2205308,551327,105308,0.5,4110723,1027681,196296
Russell Wilson,Seahawks,QB,2996774,749194,619472,0.6,5586026,1396508,1154704
Nick Foles,Eagles,QB,2768520,692130,543520,0.6,5160558,1290140,1013128
Brock Osweiler,Broncos,QB,3516678,879170,997584,0.7,6555134,1638785,1859510
Brandon Weeden,Browns,QB,8083596,2020899,7511288,1.7,15067930,3766983,14001140
Tim Tebow,Jets,QB,6054375,2018125,2531875,1.7,11285435,3761812,4719449
Ryan Tannehill,Dolphins,QB,12668512,3167128,12668512,2.6,23614274,5903569,23614274
Kyle Orton,Cowboys,QB,10500000,3500000,5000000,2.9,19572139,6524046,9320066
Robert Griffin III,Commanders,QB,21119098,5279775,21119098,4.4,39366279,9841571,39366279
Andrew Luck,Colts,QB,22107998,5527000,22107998,4.6,41209602,10302401,41209602
Matt Flynn,Seahawks,QB,19500000,6500000,10000000,5.4,36348259,12116086,18640133
Alex Smith,KC/SF,QB,24000000,8000000,15500000,6.6,44736318,14912106,28892206
Mark Sanchez,Jets,QB,40475000,13491667,19500000,11.2,75445937,25148646,36348259
Matt Schaub,Texans,QB,62000000,15500000,24250000,12.9,115568823,28892206,45202322
Peyton Manning,Broncos,QB,96000000,19200000,58000000,15.9,178945274,35789055,108112769
Drew Brees,Saints,QB,100000000,20000000,60500000,16.6,186401327,37280265,112772803
Tyrod Taylor,Ravens,QB,2145308,536327,105308,0.4,4006357,1001589,196662
Greg McElroy,Jets,QB,2105152,526288,65152,0.4,3931366,982841,121671
Ricky Stanzi,Chiefs,QB,2251052,562763,211052,0.5,4203834,1050958,394139
T.J. Yates,HOU/ATL,QB,2225000,556250,185000,0.5,4155182,1038795,345487
Nathan Enderle,Bears,QB,2208860,552215,168860,0.5,4125040,1031260,315346
Ryan Mallett,HOU/NE,QB,2947828,736957,1018876,0.6,5505061,1376265,1902748
Andy Dalton,Bengals,QB,5214198,1303550,4028171,1.1,9737501,2434376,7522599
Colin Kaepernick,49ers,QB,5124296,1281074,3800000,1.1,9569609,2392402,7096490
Christian Ponder,Vikings,QB,10158698,2539675,10158698,2.1,18971342,4742836,18971342
Blaine Gabbert,JAX/SF,QB,12001646,3000412,12001646,2.5,22413043,5603262,22413043
Jake Locker,Titans,QB,12586002,3146501,12586002,2.6,23504326,5876082,23504326
Cam Newton,Panthers,QB,22025498,5506375,22025498,4.6,41132560,10283141,41132560
Ryan Fitzpatrick,Bills,QB,59000000,9833333,24000000,8.2,110182347,18363724,44819938
Carson Palmer,Raiders,QB,43000000,10750000,5000000,8.9,80302388,20075597,9337487
Kevin Kolb,Cardinals,QB,62108000,12421600,20000000,10.3,115986529,23197306,37349948
Michael Vick,Eagles,QB,80000000,16000000,35500000,13.3,149399792,29879958,66296158
Peyton Manning,Colts,QB,90000000,18000000,20000000,15.0,168074766,33614953,37349948
Tim Tebow,Broncos,QB,11250000,2250000,7690000,1.7,19604651,3920930,13400868
Sam Bradford,Rams,QB,78000000,13000000,50000000,10.1,135925581,22654264,87131783
Donovan McNabb,Commanders,QB,74250000,14850000,18081250,11.5,129390698,25878140,31509031
Matt Cassel,Chiefs,QB,63000000,10500000,27750000,8.5,115141463,19190244,50717073
Matt Stafford,Lions,QB,72000000,12000000,41700000,9.8,131590244,21931707,76212683
Philip Rivers,Chargers,QB,91800000,15300000,38150000,12.4,167777561,27962927,69724553
Eli Manning,Giants,QB,97500000,16250000,35000000,13.2,178195122,29699187,63967480
B.J. Daniels,SF/SEA,QB,2206512,551628,46512,0.4,4032715,1008179,85007
Sean Renfree,Falcons,QB,2205896,551474,45896,0.4,4031589,1007897,83881
Chandler Harnish,Colts,QB,1060000,530000,10000,0.4,1937301,968650,18276
Nathan Enderle,Titans,QB,1050000,525000,0,0.4,1919024,959512,0
Zac Dysert,Broncos,QB,2208200,522050,48200,0.4,4035800,954121,88092
Matt McGloin,Raiders,QB,1485000,495000,0,0.4,2714049,904683,0
Tyler Wilson,Titans,QB,1485000,495000,0,0.4,2714049,904683,0
Case Keenum,LAR/HOU,QB,900000,450000,0,0.4,1644878,822439,0
Ryan Nassib,Giants,QB,2613600,653400,453600,0.5,4776726,1194181,829019
Tyler Wilson,Raiders,QB,2610900,652725,450900,0.5,4771791,1192948,824084
Landry Jones,Steelers,QB,2599220,649805,439220,0.5,4750444,1187611,802737
Ricky Stanzi,Jaguars,QB,1200000,600000,0,0.5,2193171,1096585,0
Brad Sorensen,Chargers,QB,2219400,554850,59400,0.5,4056269,1014067,108562
Mike Glennon,Buccaneers,QB,3104063,776016,637500,0.6,5673117,1418280,1165122
Tim Tebow,Patriots,QB,1385000,692500,0,0.6,2531285,1265642,0
Matt Barkley,PHI/ARI,QB,2739528,684882,497028,0.6,5006877,1251719,908389
Matt Flynn,Packers,QB,1793750,896875,0,0.7,3278333,1639167,0
Josh Johnson,Bengals,QB,1895000,947500,150000,0.8,3463382,1731691,274146
Geno Smith,Jets,QB,5019603,1254901,767196,1.0,9174039,2293510,1402160
Jason Campbell,Browns,QB,3750000,1875000,500000,1.5,6853659,3426829,913821
E.J. Manuel,Bills,QB,8885300,2221325,8885300,1.8,16239150,4059787,16239150
Kevin Kolb,Bills,QB,6100000,3050000,1000000,2.5,11148618,5574309,1827642
Ryan Fitzpatrick,Titans,QB,6500000,3250000,3250000,2.6,11879675,5939837,5939837
Chase Daniel,Chiefs,QB,10000000,3333333,4000000,2.7,18276423,6092140,7310569
Matt Hasselbeck,Colts,QB,7250000,3625000,3000000,2.9,13250407,6625203,5482927
Matt Moore,Dolphins,QB,8000000,4000000,4000000,3.3,14621138,7310569,7310569
Matt Flynn,Raiders,QB,11500000,5750000,6500000,4.7,21017886,10508943,11879675
Carson Palmer,Cardinals,QB,17000000,8500000,10000000,6.9,31069919,15534959,18276423
Tom Brady,Patriots,QB,57000000,11400000,57000000,9.3,104175610,20835122,104175610
Matt Stafford,Lions,QB,53000000,17666667,41500000,14.4,96865041,32288347,75847154
Tony Romo,Cowboys,QB,108000000,18000000,55000000,14.6,197385366,32897561,100520325
Joe Flacco,Ravens,QB,120600000,20100000,51000000,16.3,220413659,36735610,93209756
Matt Ryan,Falcons,QB,103750000,20750000,59000000,16.9,189617886,37923577,107830894
Aaron Rodgers,Packers,QB,110000000,22000000,54000000,17.9,201040650,40208130,98692683
B.J. Daniels,Seahawks,QB,170000,170000,0,0.1,287338,287338,0
Zac Dysert,Broncos,QB,170000,170000,0,0.1,287338,287338,0
Ryan Lindley,Chargers,QB,107100,107100,0,0.1,181023,181023,0
Garrett Gilbert,Patriots,QB,107100,107100,0,0.1,181023,181023,0
Keith Wenning,Ravens,QB,107100,107100,0,0.1,181023,181023,0
Garrett Gilbert,Rams,QB,107100,107100,0,0.1,181023,181023,0
Brad Sorensen,Chargers,QB,107100,107100,0,0.1,181023,181023,0
Chandler Harnish,Vikings,QB,107100,107100,0,0.1,181023,181023,0
David Fales,Bears,QB,107100,107100,0,0.1,181023,181023,0
Case Keenum,Rams,QB,107100,107100,0,0.1,181023,181023,0
Ricky Stanzi,Texans,QB,107100,107100,0,0.1,181023,181023,0
Brad Sorensen,Titans,QB,107100,107100,0,0.1,181023,181023,0
Zach Mettenberger,PIT/TEN/LAC,QB,2345116,586279,125116,0.4,3963775,990944,211474
David Fales,Bears,QB,2334224,583556,114224,0.4,3945365,986341,193064
Keith Wenning,Ravens,QB,2324072,581018,104072,0.4,3928206,982051,175905
Tajh Boyd,Jets,QB,2298680,574670,78680,0.4,3885288,971322,132987
Garrett Gilbert,Rams,QB,2298597,574649,100000,0.4,3885147,971286,169023
Ryan Lindley,Cardinals,QB,570000,570000,0,0.4,963429,963429,0
Austin Davis,Rams,QB,570000,570000,0,0.4,963429,963429,0
Chandler Harnish,Colts,QB,1080000,540000,0,0.4,1825444,912722,0
B.J. Daniels,Seahawks,QB,1080000,540000,0,0.4,1825444,912722,0
Chandler Harnish,Vikings,QB,1080000,540000,0,0.4,1825444,912722,0
David Fales,Bears,QB,1530000,510000,0,0.4,2586045,862015,0
Tyler Wilson,Bengals,QB,495000,495000,0,0.4,836662,836662,0
Case Keenum,Texans,QB,495000,495000,0,0.4,836662,836662,0
Greg McElroy,Bengals,QB,495000,495000,0,0.4,836662,836662,0
Logan Thomas,ARI/MIA,QB,2652092,663023,432092,0.5,4482634,1120658,730333
Tom Savage,Texans,QB,2520584,630146,300584,0.5,4260356,1065089,508055
Brandon Weeden,DAL/HOU,QB,1230000,615000,0,0.5,2078977,1039489,0
Aaron Murray,Chiefs,QB,2427424,606856,182424,0.5,4102894,1025724,308338
A.J. McCarron,Bengals,QB,2401652,600413,181652,0.5,4059334,1014833,307033
Colt McCoy,Commanders,QB,795000,795000,65000,0.6,1343729,1343729,109865
Josh Freeman,Giants,QB,795000,795000,55000,0.6,1343729,1343729,92962
Luke McCown,Saints,QB,920000,920000,200000,0.7,1555008,1555008,338045
Jimmy Garoppolo,NE/SF,QB,3483898,870975,1103744,0.7,5888573,1472144,1865576
Derek Carr,Raiders,QB,5371802,1342951,3310937,1.0,9079557,2269890,5596230
Derek Anderson,Panthers,QB,2564000,1282000,400000,1.0,4333738,2166869,676090
Jason Campbell,Bengals,QB,1500000,1500000,400000,1.1,2535338,2535338,676090
Shaun Hill,Rams,QB,1750000,1750000,500000,1.3,2957895,2957895,845113
Teddy Bridgewater,Vikings,QB,6849502,1712376,5495479,1.3,11577203,2894302,9288599
Charlie Whitehurst,Titans,QB,4000000,2000000,2000000,1.5,6760902,3380451,3380451
Johnny Manziel,Browns,QB,8248596,2062149,7707913,1.6,13941988,3485497,13028112
Mark Sanchez,Eagles,QB,2250000,2250000,1500000,1.7,3803008,3803008,2535338
Ryan Fitzpatrick,NYJ/HOU,QB,7250000,3625000,4000000,2.7,12254135,6127068,6760902
Michael Vick,Jets,QB,4000000,4000000,4000000,3.0,6760902,6760902,6760902
Chad Henne,Jaguars,QB,8000000,4000000,4500000,3.0,13521805,6760902,7606015
Josh McCown,Buccaneers,QB,10000000,5000000,4750000,3.8,16902256,8451128,8028571
Matt Cassel,BUF/MIN,QB,10500000,5250000,5650000,3.9,17747368,8873684,9549774
Blake Bortles,Jaguars,QB,20654802,5163701,20654802,3.9,34911274,8727819,34911274
Kyle Orton,Bills,QB,11000000,5500000,3000000,4.1,18592481,9296241,5070677
Matt Schaub,Raiders,QB,13500000,6750000,0,5.1,22818045,11409023,0
Andy Dalton,Bengals,QB,96000000,16000000,17000000,12.0,162261654,27043609,28733835
Carson Palmer,Cardinals,QB,49500000,16500000,24735294,12.4,83666165,27888722,41808226
Alex Smith,Chiefs,QB,68000000,17000000,45000000,12.8,114935338,28733835,76060150
Jay Cutler,Bears,QB,126700000,18100000,54000000,13.6,214151579,30593083,91272180
Colin Kaepernick,49ers,QB,114000000,19000000,61000000,14.3,192685714,32114286,103103759
David Fales,Bears,QB,212500,212500,0,0.1,333403,333403,0
Logan Thomas,Dolphins,QB,170000,170000,0,0.1,266723,266723,0
Keith Wenning,Bengals,QB,112200,112200,0,0.1,176037,176037,0
Zac Dysert,Texans,QB,112200,112200,0,0.1,176037,176037,0
Ricky Stanzi,Lions,QB,112200,112200,0,0.1,176037,176037,0
David Fales,Bears,QB,112200,112200,0,0.1,176037,176037,0
Zac Dysert,Bills,QB,112200,112200,0,0.1,176037,176037,0
Brad Sorensen,Chargers,QB,112200,112200,0,0.1,176037,176037,0
B.J. Daniels,Seahawks,QB,112200,112200,0,0.1,176037,176037,0
Brad Sorensen,Chargers,QB,112200,112200,0,0.1,176037,176037,0
Garrett Gilbert,Raiders,QB,112200,112200,0,0.1,176037,176037,0
Brad Sorensen,Chargers,QB,112200,112200,0,0.1,176037,176037,0
Zac Dysert,Texans,QB,112200,112200,0,0.1,176037,176037,0
B.J. Daniels,Seahawks,QB,112200,112200,0,0.1,176037,176037,0
Seth Lobato,Buccaneers,QB,960000,480000,0,0.3,1506198,753099,0
Keith Wenning,Bengals,QB,960000,480000,0,0.3,1506198,753099,0
R.J. Archer,Seahawks,QB,960000,480000,0,0.3,1506198,753099,0
Chase Rettig,Chargers,QB,960000,480000,0,0.3,1506198,753099,0
Garrett Gilbert,DET/NE,QB,445000,445000,0,0.3,698185,698185,0
Jake Waters,Seahawks,QB,435000,435000,0,0.3,682496,682496,0
Tajh Boyd,Steelers,QB,435000,435000,0,0.3,682496,682496,0
Keith Wenning,CIN/BAL,QB,435000,435000,0,0.3,682496,682496,0
Brett Hundley,GB/SEA,QB,2503632,625908,223632,0.4,3928088,982022,350869
Logan Thomas,NYG/MIA,QB,1235000,617500,125000,0.4,1937661,968830,196119
Case Keenum,Rams,QB,585000,585000,0,0.4,917839,917839,0
Pat Devlin,Browns,QB,585000,585000,0,0.4,917839,917839,0
Case Keenum,Texans,QB,585000,585000,0,0.4,917839,917839,0
Trevor Siemian,MIN/DEN,QB,2332784,583196,52784,0.4,3660035,915009,82816
David Fales,Bears,QB,1110000,555000,0,0.4,1741541,870771,0
Jeff Tuel,Jaguars,QB,1110000,555000,0,0.4,1741541,870771,0
Brad Sorensen,Chargers,QB,1110000,555000,0,0.4,1741541,870771,0
B.J. Daniels,SEA/HOU,QB,1110000,555000,0,0.4,1741541,870771,0
Cody Fajardo,Raiders,QB,1587500,529167,12500,0.4,2490717,830240,19612
Shane Carden,Bears,QB,1585000,528333,10000,0.4,2486795,828931,15690
Bryan Bennett,Colts,QB,1585000,528333,10000,0.4,2486795,828931,15690
Taylor Heinicke,Vikings,QB,1585000,528333,10000,0.4,2486795,828931,15690
Brad Sorensen,Chargers,QB,510000,510000,0,0.4,800168,800168,0
B.J. Daniels,Seahawks,QB,510000,510000,0,0.4,800168,800168,0
Zac Dysert,Bears,QB,510000,510000,0,0.4,800168,800168,0
B.J. Daniels,Seahawks,QB,510000,510000,0,0.4,800168,800168,0
Zac Dysert,Broncos,QB,510000,510000,0,0.4,800168,800168,0
Chandler Harnish,Cardinals,QB,510000,510000,0,0.4,800168,800168,0
Josh Freeman,Dolphins,QB,765000,765000,0,0.5,1200251,1200251,0
Josh Freeman,Colts,QB,1505000,752500,0,0.5,2361279,1180639,0
Josh Johnson,NYJ/BUF,QB,745000,745000,0,0.5,1168872,1168872,0
Josh Freeman,Dolphins,QB,745000,745000,0,0.5,1168872,1168872,0
Christian Ponder,Broncos,QB,745000,745000,0,0.5,1168872,1168872,0
Bryce Petty,MIA/NYJ,QB,2833696,708424,553696,0.5,4445944,1111486,868725
Ryan Lindley,Colts,QB,1335000,667500,0,0.5,2094556,1047278,0
Mike Kafka,Vikings,QB,660000,660000,0,0.5,1035511,1035511,0
Ricky Stanzi,Giants,QB,660000,660000,0,0.5,1035511,1035511,0
Tim Tebow,Eagles,QB,660000,660000,0,0.5,1035511,1035511,0
Ryan Lindley,Patriots,QB,660000,660000,0,0.5,1035511,1035511,0
Austin Davis,Browns,QB,660000,660000,0,0.5,1035511,1035511,0
Matt Flynn,Saints,QB,870000,870000,0,0.6,1364992,1364992,0
Garrett Grayson,Saints,QB,3400606,850152,733168,0.6,5335401,1333851,1150308
Sean Mannion,Rams,QB,3250896,812724,625796,0.6,5100512,1275128,981846
Luke McCown,Saints,QB,1050000,1050000,350000,0.7,1647404,1647404,549135
Michael Vick,Steelers,QB,970000,970000,0,0.7,1521887,1521887,0
Rex Grossman,Falcons,QB,970000,970000,0,0.7,1521887,1521887,0
Tyler Bray,Chiefs,QB,1925000,962500,0,0.7,3020240,1510120,0
Jimmy Clausen,Ravens,QB,1125000,1125000,262500,0.8,1765075,1765075,411851
Ryan Mallett,Ravens,QB,2245000,1122500,0,0.8,3522306,1761153,0
Tyrod Taylor,Bills,QB,3350000,1116667,1150000,0.8,5256002,1752001,1804299
Tarvaris Jackson,Seahawks,QB,1500000,1500000,1500000,1.0,2353434,2353434,2353434
Colt McCoy,Commanders,QB,1500000,1500000,150000,1.0,2353434,2353434,235343
Austin Davis,Rams,QB,1542000,1542000,0,1.1,2419330,2419330,0
Matt Schaub,Ravens,QB,2000000,2000000,2000000,1.4,3137912,3137912,3137912
Blaine Gabbert,49ers,QB,4000000,2000000,500000,1.4,6275824,3137912,784478
Charlie Whitehurst,IND/TEN,QB,2000000,2000000,0,1.4,3137912,3137912,0
Matt Cassel,BUF/DAL,QB,2000000,2000000,0,1.4,3137912,3137912,0
Austin Davis,Browns,QB,4173530,2086765,600000,1.5,6548084,3274042,941374
Derek Anderson,Panthers,QB,4500000,2250000,1500000,1.6,7060302,3530151,2353434
Christian Ponder,Raiders,QB,2250000,2250000,1500000,1.6,3530151,3530151,2353434
Matt Moore,Dolphins,QB,2600000,2600000,1600000,1.8,4079285,4079285,2510329
Matt Hasselbeck,Colts,QB,3000000,3000000,1000000,2.1,4706868,4706868,1568956
Shaun Hill,Vikings,QB,6500000,3250000,3200000,2.3,10198213,5099107,5020659
Ryan Mallett,Texans,QB,7000000,3500000,0,2.4,10982691,5491346,0
Mark Sanchez,DEN/PHI,QB,9000000,4500000,5500000,3.1,14120603,7060302,8629257
Josh McCown,Browns,QB,14000000,4666667,6250000,3.3,21965382,7321795,9805974
Brian Hoyer,Texans,QB,10500000,5250000,4750000,3.7,16474037,8237018,7452540
Marcus Mariota,Titans,QB,24213974,6053494,24213974,4.2,37990657,9497665,37990657
Jameis Winston,Buccaneers,QB,25351277,6337819,25351277,4.4,39775035,9943758,39775035
Nick Foles,Rams,QB,25000000,12250000,13792000,8.5,39223897,19219710,21639040
Peyton Manning,Broncos,QB,34000000,17000000,15000000,11.9,53344500,26672250,23534338
Ryan Tannehill,Dolphins,QB,77000000,19250000,45000000,13.4,120809604,30202401,70603015
Philip Rivers,Chargers,QB,83250000,20812500,65000000,14.5,130615578,32653894,101982133
Cam Newton,Panthers,QB,103800000,20760000,60000000,14.5,162857621,32571524,94137353
Eli Manning,Giants,QB,84000000,21000000,65000000,14.7,131792295,32948074,101982133
Ben Roethlisberger,Steelers,QB,87400000,21850000,64000000,15.2,137126745,34281686,100413177
Russell Wilson,Seahawks,QB,87600000,21900000,61542000,15.3,137440536,34360134,96556683
Calvin Johnson,Lions,WR,113450000,16207143,53250000,13.4,211472305,30210330,99258706
Vincent Jackson,Buccaneers,WR,55555555,11111111,26000000,9.2,103556292,20711258,48464345
DeSean Jackson,Eagles,WR,48500000,9700000,18000000,8,90404643,18080929,33552239
Pierre Garcon,Commanders,WR,42500000,8500000,20500000,7,79220564,15844113,38212272
Antonio Brown,Steelers,WR,41960000,8392000,8500000,7,78213997,15642799,15844113
Steve Smith,Panthers,WR,30000000,7500000,16750000,6.2,55920398,13980100,31222222
Marques Colston,Saints,WR,36300000,7260000,17700000,6,67663682,13532736,32993035
Steve Johnson,BUF/SF,WR,36250000,7250000,18050000,6,67570481,13514096,33645439
Reggie Wayne,Colts,WR,17500000,5833333,7500000,4.8,32620232,10873410,13980100
Justin Blackmon,Jaguars,WR,18512010,4628003,18512010,3.8,34506632,8626659,34506632
Eddie Royal,Chargers,WR,13500000,4500000,6000000,3.7,25164179,8388060,11184080
Malcom Floyd,Chargers,WR,11550000,3850000,5250000,3.2,21529353,7176451,9786070
Michael Floyd,ARI/NE,WR,17291500,3458300,9971500,2.9,32231585,6446317,18587008
Harry Douglas,Falcons,WR,12500000,3125000,4500000,2.6,23300166,5825041,8388060
Kendall Wright,Titans,WR,15538452,3107690,14911754,2.6,28963881,5792775,27795707
Matt Slater,Patriots,WR,5400000,1800000,2700000,1.5,10065672,3355224,5032836
A.J. Jenkins,Chiefs,WR,2990578,1736882,5610139,1.4,5574477,3237571,10457374
A.J. Jenkins,49ers,WR,6947529,1736882,5610139,1.4,12950286,3237571,10457374
Brian Quick,Rams,WR,5386599,1346650,3822373,1.1,10040692,2510173,7124954
Josh Gordon,Browns,WR,5341648,1335412,3727638,1.1,9956903,2489226,6948367
Stephen Hill,Jets,WR,4712348,1178086,2861361,1,8783879,2195968,5333615
Alshon Jeffery,Bears,WR,4547830,1136958,2344235,0.9,8477215,2119305,4369685
Ryan Broyles,Lions,WR,3678500,919625,1422477,0.8,6856773,1714193,2651516
Rueben Randle,Giants,WR,3291930,822983,1007132,0.7,6136201,1534051,1877307
DeVier Posey,Jets,WR,748000,748000,0,0.6,1394282,1394282,0
DeVier Posey,Texans,WR,2962092,740523,684092,0.6,5521379,1380345,1275157
T.J. Graham,BUF/TEN,WR,2901252,725313,671252,0.6,5407972,1351993,1251223
Mohamed Sanu,Bengals,WR,2713252,678313,563252,0.6,5057538,1264384,1049909
T.Y. Hilton,Colts,WR,2642400,660600,527400,0.5,4925469,1231367,983081
Devon Wylie,Chiefs,WR,2615400,653820,455400,0.5,4875140,1218729,848872
Chris Givens,BAL/LAR,WR,2597028,649257,497028,0.5,4840895,1210224,926467
Travis Benjamin,Browns,WR,2577000,644250,477000,0.5,4803562,1200891,889134
Omar Bolden,Broncos,WR,2574428,643607,474428,0.5,4798768,1199692,884340
Joe Adams,Panthers,WR,2567552,641888,467552,0.5,4785951,1196488,871523
Jarius Wright,Vikings,WR,2520108,630027,420108,0.5,4697515,1174379,783087
Keshawn Martin,Texans,WR,2512560,628140,412560,0.5,4683445,1170861,769017
Nick Toon,Saints,WR,2507612,626903,407612,0.5,4674222,1168556,759794
Greg Childs,Vikings,WR,2400584,600146,300584,0.5,4474720,1118680,560293
Brandon Marshall,Jaguars,WR,2300500,575125,200500,0.5,4288163,1072041,373735
Danny Coale,Cowboys,WR,2290052,572513,190052,0.5,4268687,1067172,354259
Marvin Jones,Bengals,WR,2262800,565700,162800,0.5,4217889,1054472,303461
Juron Criner,Raiders,WR,2244560,561140,144560,0.5,4183890,1045972,269462
B.J. Cunningham,Dolphins,WR,2206200,551550,106200,0.5,4112386,1028097,197958
Marvin McNutt,Eagles,WR,2198896,549724,98896,0.5,4098771,1024693,184343
Tommy Streeter,Ravens,WR,2194052,548513,94052,0.5,4089742,1022436,175314
LaVon Brazill,Colts,WR,2178680,544670,78680,0.5,4061088,1015272,146661
Junior Hemingway,Chiefs,WR,2161512,540378,46512,0.4,4029087,1007272,86699
Rishard Matthews,Dolphins,WR,2153612,538403,53612,0.4,4014361,1003590,99933
Toney Clemons,Steelers,WR,2149824,537456,49824,0.4,4007300,1001825,92873
Jeremy Ebert,Patriots,WR,2148200,537050,48200,0.4,4004273,1001068,89845
Jordan White,Jets,WR,2145896,536474,45896,0.4,3999979,999995,85551
Rod Streater,Raiders,WR,1450000,483333,10000,0.4,2702819,900939,18640
Jermaine Kearse,Seahawks,WR,1448500,482833,8500,0.4,2700023,900007,15844
Cole Beasley,Cowboys,WR,1441500,480500,0,0.4,2686975,895658,0
Jermaine Kearse,Seahawks,WR,1440000,480000,0,0.4,2684179,894726,0
Larry Fitzgerald,Cardinals,WR,113000000,16142857,45000000,13.4,211027207,30146744,84037383
Santonio Holmes,Jets,WR,45000000,9000000,24000000,7.5,84037383,16807477,44819938
Sidney Rice,Seahawks,WR,41000000,8200000,18500000,6.8,76567394,15313479,34548702
A.J. Green,Bengals,WR,29864100,5972820,29864100,5,55771129,11154226,55771129
Julio Jones,Falcons,WR,16183750,4045938,26359750,3.4,30223111,7555779,49226765
Lance Moore,Saints,WR,20000000,4000000,7000000,3.3,37349948,7469990,13072482
Earl Bennett,Bears,WR,15000000,3750000,8500000,3.1,28012461,7003115,15873728
Mike Thomas,JAX/DET,WR,16785000,3357000,8450000,2.8,31345944,6269189,15780353
Jonathan Baldwin,KC/SF,WR,7551602,1887901,6146837,1.6,14102597,3525650,11479202
Titus Young,Lions,WR,4561321,1140330,2500324,0.9,8518255,2129563,4669349
Torrey Smith,Ravens,WR,3389232,847308,964896,0.7,6329382,1582345,1801941
Greg Little,CLE/LV,WR,3327500,831875,0,0.7,6214098,1553524,0
Randall Cobb,Packers,WR,3209421,802355,1000500,0.7,5993585,1498396,1868431
Austin Pettis,Rams,WR,2729416,682354,578276,0.6,5097177,1274294,1079929
Leonard Hankerson,Commanders,WR,2712001,678000,606376,0.6,5064655,1266163,1132406
Jerrel Jernigan,Giants,WR,2690252,672563,575252,0.6,5024039,1256010,1074282
Cecil Shorts,Jaguars,WR,2672146,668037,443380,0.6,4990226,1247557,828011
Vincent Brown,Chargers,WR,2626068,656517,586068,0.5,4904175,1226044,1094480
Kris Durham,Seahawks,WR,2504260,626065,464260,0.5,4676699,1169175,867004
Clyde Gates,Dolphins,WR,2493152,623288,453152,0.5,4655955,1163989,846260
Edmond Gates,MIA/NYJ,WR,2493150,623288,453150,0.5,4655951,1163989,846256
Greg Salas,LAR/NE,WR,2491154,622789,451154,0.5,4652224,1163057,842529
Tandon Doss,Ravens,WR,2452560,613140,412562,0.5,4580149,1145037,770458
Kealoha Pilares,Panthers,WR,2255512,563878,215512,0.5,4212163,1053041,402468
Denarius Moore,Raiders,WR,2230052,557513,190052,0.5,4164616,1041154,354922
Jeremy Kerley,Jets,WR,2224250,556063,184250,0.5,4153781,1038446,344086
Dwayne Harris,Cowboys,WR,2180060,545015,110060,0.5,4071256,1017814,205537
Ryan Whalen,Bengals,WR,2165114,541279,125114,0.4,4043345,1010837,233650
Aldrick Robinson,Commanders,WR,2146200,536550,106200,0.4,4008023,1002006,198328
Ronald Johnson,49ers,WR,2144220,536055,104220,0.4,4004325,1001081,194631
Scotty McKnight,Jets,WR,2089000,522250,49000,0.4,3901202,975301,91507
David Ausberry,Raiders,WR,2085900,521475,45900,0.4,3895413,973853,85718
DeMarco Sampson,Cardinals,WR,2085900,521475,45900,0.4,3895413,973853,85718
Stephen Burton,Vikings,WR,2085900,521475,45900,0.4,3895413,973853,85718
Dwayne Harris,Cowboys,WR,2070000,517500,0,0.4,3865720,966430,0
Stephen Burton,MIN/JAX,WR,2040000,510000,0,0.4,3809695,952424,0
Ronald Johnson,Eagles,WR,1815000,453750,0,0.4,3389508,847377,0
Brandon Marshall,MIA/CHI,WR,47300000,9460000,22000000,7.3,82426667,16485333,38337984
Miles Austin,Cowboys,WR,54100000,9016667,18000000,7,94276589,15712765,31367442
Andre Johnson,Texans,WR,62700000,8957143,13000000,6.9,109263256,15609037,22654264
Nate Burleson,Lions,WR,25000000,5000000,11000000,3.9,43565891,8713178,19168992
Demaryius Thomas,Broncos,WR,12155500,3038875,9351750,2.4,21182608,5295652,16296693
Jason Avant,Eagles,WR,14750000,2950000,8000000,2.3,25703876,5140775,13941085
Dez Bryant,Cowboys,WR,11810500,2362100,8625000,1.8,20581398,4116280,15030233
Michael Crabtree,49ers,WR,32000000,5333333,17000000,4.3,58484553,9747425,31069919
Nate Washington,Titans,WR,26800000,4466667,6500000,3.6,48980813,8163469,11879675
Percy Harvin,SEA/NYJ,WR,64217500,12843500,25500000,10.4,117366618,23473324,46604878
Mike Wallace,MIA/MIN,WR,60000000,12000000,30000000,9.8,109658537,21931707,54829268
Dwayne Bowe,Chiefs,WR,56000000,11200000,26000000,9.1,102347967,20469593,47518699
Greg Jennings,Vikings,WR,45000000,9000000,17800000,7.3,82243902,16448780,32532033
Victor Cruz,Giants,WR,43000000,8600000,15625000,7,78588618,15717724,28556911
Santonio Holmes,Jets,WR,25250000,8416667,7750000,6.8,46147967,15382656,14164228
Mike Williams,TB/BUF,WR,39620000,7924000,14600000,6.4,72411187,14482237,26683577
Brian Hartline,Dolphins,WR,30775000,6155000,12500000,5,56245691,11249138,22845528
Wes Welker,Broncos,WR,12000000,6000000,12000000,4.9,21931707,10965854,21931707
Danny Amendola,Patriots,WR,28500000,5700000,10000000,4.6,52087805,10417561,18276423
Nate Burleson,Lions,WR,7500000,3750000,0,3,13707317,6853659,0
Brandon Gibson,Dolphins,WR,9780000,3260000,3750000,2.7,17874341,5958114,6853659
Tavon Austin,Rams,WR,12751002,3187751,12751002,2.6,23304270,5826068,23304270
Davone Bess,Browns,WR,8817000,2939000,5750334,2.4,16114322,5371441,10509554
Donnie Avery,Chiefs,WR,8550000,2850000,3250000,2.3,15626341,5208780,5939837
Earl Bennett,Bears,WR,6400000,2133333,1250000,1.7,11696911,3898970,2284553
DeAndre Hopkins,Texans,WR,7626700,1906675,6181696,1.6,13938879,3484720,11297929
Cordarrelle Patterson,Vikings,WR,7221046,1805262,5831359,1.5,13197489,3299373,10657638
Justin Hunter,MIA/TEN,WR,5424148,1356037,3841388,1.1,9913402,2478351,7020683
Robert Woods,Bills,WR,4866769,1216692,2900685,1,8894713,2223678,5301415
Aaron Dobson,Patriots,WR,3428370,857093,1173360,0.7,6265834,1566459,2144482
Terrance Williams,Cowboys,WR,2896972,724243,619472,0.6,5294629,1323657,1132173
Marquise Goodwin,Bills,WR,2853876,713469,598876,0.6,5215864,1303966,1094531
Keenan Allen,Chargers,WR,2813800,703450,613800,0.6,5142620,1285655,1121807
Markus Wheaton,Steelers,WR,2811376,702844,591376,0.6,5138190,1284547,1080824
Stedman Bailey,Rams,WR,2736102,684026,527400,0.6,5000616,1250155,963899
Ace Sanders,Jaguars,WR,2641448,660362,481448,0.5,4827622,1206906,879915
Josh Boyce,Patriots,WR,2637000,659250,477000,0.5,4819493,1204873,871785
Chris Harper,Seahawks,WR,2572560,643140,0,0.5,4701719,1175430,0
Quinton Patton,49ers,WR,2551500,637875,391500,0.5,4663229,1165807,715522
Andre Holmes,Raiders,WR,1200000,600000,0,0.5,2193171,1096585,0
Greg Salas,Jets,WR,1200000,600000,0,0.5,2193171,1096585,0
Andre Holmes,Patriots,WR,1200000,600000,0,0.5,2193171,1096585,0
Denard Robinson,Jaguars,WR,2373612,593403,213612,0.5,4338114,1084528,390406
Kenny Stills,MIA/NO,WR,2353452,588316,194452,0.5,4301268,1075231,355389
Tavarres King,Broncos,WR,2331480,582870,171480,0.5,4261111,1065278,313404
Corey Fuller,Lions,WR,2283100,570775,123100,0.5,4172690,1043173,224983
Ryan Swope,Cardinals,WR,2275788,568947,115788,0.5,4159326,1039832,211619
Justin Brown,Steelers,WR,2264072,566018,104072,0.5,4137914,1034478,190206
Alan Bonner,Texans,WR,2257000,564250,97000,0.5,4124989,1031247,177281
Cobi Hamilton,Bengals,WR,2254052,563513,94052,0.5,4119601,1029900,171893
Brice Butler,DAL/LV,WR,2227500,556875,67500,0.5,4071073,1017768,123366
Charles Johnson,Packers,WR,2221820,555455,61820,0.5,4060692,1015173,112985
Kevin Dorsey,Packers,WR,2216848,554212,56848,0.5,4051605,1012901,103898
Marquess Wilson,Bears,WR,2207148,551787,47148,0.4,4033877,1008469,86170
Aaron Mellette,Ravens,WR,2205896,551474,45896,0.4,4031589,1007897,83881
Tavarres King,Panthers,WR,2160000,540000,0,0.4,3947707,986927,0
DeMarco Sampson,Eagles,WR,1050000,525000,0,0.4,1919024,959512,0
Devon Wylie,Titans,WR,1050000,525000,0,0.4,1919024,959512,0
Jaron Brown,Cardinals,WR,1494000,498000,0,0.4,2730498,910166,0
Russell Shepard,TB/PHI,WR,1492500,497500,12500,0.4,2727756,909252,22846
Chris Harper,Packers,WR,1485000,495000,0,0.4,2714049,904683,0
Adam Thielen,Vikings,WR,1485000,495000,0,0.4,2714049,904683,0
B.J. Cunningham,Eagles,WR,1485000,495000,0,0.4,2714049,904683,0
Chris Harper,49ers,WR,1485000,495000,0,0.4,2714049,904683,0
Charles Johnson,Browns,WR,1485000,495000,0,0.4,2714049,904683,0
Jeremy Ebert,JAX/NE,WR,900000,450000,0,0.4,1644878,822439,0
A.J. Green,Bengals,WR,60000000,15000000,26750000,10.5,94137353,23534338,41969570
Julio Jones,Falcons,WR,71250000,14250000,47000000,9.9,111788107,22357621,73740927
Demaryius Thomas,Broncos,WR,70000000,14000000,43500000,9.8,109826912,21965382,68249581
Dez Bryant,Cowboys,WR,70000000,14000000,45000000,9.8,109826912,21965382,70603015
Demaryius Thomas,Texans,WR,70000000,14000000,43500000,9.8,109826912,21965382,68249581
T.Y. Hilton,Colts,WR,65000000,13000000,39000000,9.1,101982133,20396427,61189280
Larry Fitzgerald,Cardinals,WR,22000000,11000000,22000000,7.7,34517030,17258515,34517030
Jeremy Maclin,Chiefs,WR,55000000,11000000,22500000,7.7,86292574,17258515,35301508
Randall Cobb,Packers,WR,40000000,10000000,13000000,7,62758236,15689559,20396427
Brandon Marshall,Jets,WR,26000000,8666667,18500000,6,40792853,13597618,29025684
Michael Crabtree,Raiders,WR,34000000,8500000,16750000,5.9,53344500,13336125,26280011
Torrey Smith,49ers,WR,40000000,8000000,22000000,5.6,62758236,12551647,34517030
Andre Johnson,Colts,WR,21000000,7000000,10000000,4.9,32948074,10982691,15689559
Dwayne Bowe,Browns,WR,13000000,6500000,9000000,4.5,20396427,10198213,14120603
Percy Harvin,Bills,WR,6000000,6000000,5900000,4.2,9413735,9413735,9256840
Amari Cooper,LV/DAL,WR,22663120,5665780,22663120,4,35557436,8889359,35557436
Eddie Royal,Bears,WR,15000000,5000000,10000000,3.5,23534338,7844779,15689559
Danny Amendola,Patriots,WR,14250000,4750000,500000,3.3,22357621,7452540,784478
Kenny Britt,Rams,WR,9150000,4575000,3550000,3.2,14355946,7177973,5569793
Kevin White,Bears,WR,16563048,4140762,16563048,2.9,25986692,6496673,25986692
Greg Jennings,Dolphins,WR,8000000,4000000,3000000,2.8,12551647,6275824,4706868
Harry Douglas,Titans,WR,11250000,3750000,3750000,2.6,17650754,5883585,5883585
Jarius Wright,Vikings,WR,14800000,3700000,7042000,2.6,23220547,5805137,11048587
Dwayne Harris,Giants,WR,17500000,3500000,7100000,2.4,27456728,5491346,11139587
Steve Johnson,Chargers,WR,10500000,3500000,3870000,2.4,16474037,5491346,6071859
Marques Colston,Saints,WR,7000000,3500000,2305000,2.4,10982691,5491346,3616443
Cole Beasley,Cowboys,WR,13606000,3401500,7000000,2.4,21347214,5336803,10982691
Michael Crabtree,Raiders,WR,3200000,3200000,1300000,2.2,5020659,5020659,2039643
Brian Hartline,Browns,WR,6000000,3000000,3000000,2.1,9413735,4706868,4706868
Cecil Shorts,Texans,WR,6000000,3000000,1750000,2.1,9413735,4706868,2745673
Jacoby Jones,PIT/LAC,WR,5500000,2750000,1600000,1.9,8629257,4314629,2510329
DeVante Parker,Dolphins,WR,10876540,2719135,10876540,1.9,17064812,4266203,17064812
Rod Streater,Raiders,WR,2356000,2356000,0,1.6,3696460,3696460,0
Jermaine Kearse,Seahawks,WR,2356000,2356000,0,1.6,3696460,3696460,0
Nelson Agholor,Eagles,WR,9377372,2344343,8777566,1.6,14712683,3678171,13771614
Miles Austin,Eagles,WR,2300000,2300000,1000000,1.6,3608599,3608599,1568956
Reggie Wayne,Patriots,WR,2300000,2300000,450000,1.6,3608599,3608599,706030
Breshad Perriman,Ravens,WR,8705330,2176333,7083239,1.5,13658279,3414570,11113290
Ted Ginn,Panthers,WR,4200000,2100000,1700000,1.5,6589615,3294807,2667225
Phillip Dorsett,IND/NE,WR,8135410,2033853,6591037,1.4,12764099,3191026,10341046
Marcus Easley,Bills,WR,7000000,1750000,2200000,1.2,10982691,2745673,3451703
Andre Holmes,Raiders,WR,1542000,1542000,0,1.1,2419330,2419330,0
Devin Smith,Jets,WR,5872420,1468105,3667780,1,9213568,2303392,5754585
Dorial Green-Beckham,TEN/PHI,WR,5603602,1400901,3460057,1,8791804,2197952,5428677
Hakeem Nicks,Titans,WR,1400000,1400000,100000,1,2196538,2196538,156896
Devin Funchess,Panthers,WR,5520892,1380223,3396142,1,8662036,2165509,5328397
Wes Welker,Rams,WR,1170000,1170000,0,0.8,1835678,1835678,0
Lance Moore,Lions,WR,1050000,1050000,40000,0.7,1647404,1647404,62758
Leonard Hankerson,NE/ATL/BUF,WR,1000000,1000000,255000,0.7,1568956,1568956,400084
Nate Washington,Texans,WR,1000000,1000000,30000,0.7,1568956,1568956,47069
Marlon Moore,Browns,WR,2850000,950000,200000,0.7,4471524,1490508,313791
Jason Avant,Chiefs,WR,950000,950000,50000,0.7,1490508,1490508,78448
James Jones,Giants,WR,950000,950000,30000,0.7,1490508,1490508,47069
James Jones,Packers,WR,870000,870000,0,0.6,1364992,1364992,0
Josh Morgan,Saints,WR,870000,870000,0,0.6,1364992,1364992,0
Jerome Simpson,49ers,WR,1730000,865000,0,0.6,2714294,1357147,0
Tyler Lockett,Seahawks,WR,3318752,829688,786752,0.6,5206975,1301744,1234379
Brandon Gibson,Patriots,WR,825000,825000,40000,0.6,1294389,1294389,62758
Denarius Moore,Bengals,WR,825000,825000,25000,0.6,1294389,1294389,39224
Seyi Ajirotutu,Eagles,WR,825000,825000,380000,0.6,1294389,1294389,596203
Darrius Heyward-Bey,Steelers,WR,825000,825000,80000,0.6,1294389,1294389,125516
Jaelen Strong,HOU/JAX,WR,3281350,820338,771984,0.6,5148293,1287074,1211209
Chris Conley,Chiefs,WR,3123686,780922,712436,0.5,4900926,1225232,1117781
Sammie Coates,PIT/HOU/CLE,WR,2985016,746254,631516,0.5,4683358,1170840,990821
Denarius Moore,Bills,WR,745000,745000,0,0.5,1168872,1168872,0
Damian Williams,Rams,WR,745000,745000,0,0.5,1168872,1168872,0
Greg Salas,Bills,WR,745000,745000,0,0.5,1168872,1168872,0
David Nelson,Steelers,WR,745000,745000,0,0.5,1168872,1168872,0
Hakeem Nicks,Giants,WR,745000,745000,0,0.5,1168872,1168872,0
Kyle Williams,Broncos,WR,745000,745000,0,0.5,1168872,1168872,0
Austin Pettis,Chargers,WR,745000,745000,0,0.5,1168872,1168872,0
Kris Durham,Raiders,WR,745000,745000,0,0.5,1168872,1168872,0
Damaris Johnson,Titans,WR,1420000,710000,0,0.5,2227917,1113959,0
Jamison Crowder,Commanders,WR,2825624,706406,545624,0.5,4433279,1108320,856060
Justin Hardy,Falcons,WR,2820820,705205,540820,0.5,4425742,1106436,848523
Vince Mayle,Browns,WR,2763152,690788,483152,0.5,4335264,1083816,758044
Ricardo Lockette,Seahawks,WR,685000,685000,25000,0.5,1074735,1074735,39224
T.J. Graham,Saints,WR,660000,660000,0,0.5,1035511,1035511,0
David Ausberry,Lions,WR,660000,660000,0,0.5,1035511,1035511,0
T.J. Graham,Saints,WR,660000,660000,0,0.5,1035511,1035511,0
Dorin Dickerson,Titans,WR,660000,660000,0,0.5,1035511,1035511,0
Vincent Brown,Chargers,WR,660000,660000,0,0.5,1035511,1035511,0
T.J. Graham,Saints,WR,660000,660000,0,0.5,1035511,1035511,0
Edmond Gates,Cowboys,WR,660000,660000,0,0.5,1035511,1035511,0
Trindon Holliday,Raiders,WR,660000,660000,0,0.5,1035511,1035511,0
Ryan Whalen,Vikings,WR,660000,660000,0,0.5,1035511,1035511,0
Aldrick Robinson,Ravens,WR,660000,660000,0,0.5,1035511,1035511,0
Marcus Thigpen,Bills,WR,660000,660000,0,0.5,1035511,1035511,0
A.J. Jenkins,Cowboys,WR,660000,660000,0,0.5,1035511,1035511,0
Edmond Gates,Titans,WR,660000,660000,0,0.5,1035511,1035511,0
Tom Nelson,Ravens,WR,660000,660000,0,0.5,1035511,1035511,0
Vincent Brown,Colts,WR,660000,660000,0,0.5,1035511,1035511,0
DeAndre Smelter,49ers,WR,2625688,656422,345688,0.5,4119589,1029897,542369
Rashad Greene,Jaguars,WR,2523816,630954,243816,0.4,3959756,989939,382537
Juron Criner,Giants,WR,1260000,630000,0,0.4,1976884,988442,0
Keshawn Martin,Patriots,WR,2512560,628140,412560,0.4,3942096,985524,647288
Stefon Diggs,Vikings,WR,2507712,626928,227712,0.4,3934490,983622,357270
J.J. Nelson,Cardinals,WR,2489800,622450,209800,0.4,3906386,976597,329167
Kenny Bell,Buccaneers,WR,2484836,621209,204836,0.4,3898598,974650,321379
Keith Mumphery,Texans,WR,2446252,611563,166252,0.4,3838061,959515,260842
Kaelin Clay,Buccaneers,WR,2410476,602619,130476,0.4,3781931,945483,204711
Geremy Davis,Giants,WR,2407084,601771,127084,0.4,3776609,944152,199389
Evan Spencer,Commanders,WR,2406576,601644,126576,0.4,3775812,943953,198592
Walt Powell,Bills,WR,1800000,600000,0,0.4,2824121,941374,0
Stephen Hill,Panthers,WR,594500,594500,9500,0.4,932744,932744,14905
Nick Toon,Rams,WR,1185000,592500,0,0.4,1859213,929606,0
Kevin Cone,Dolphins,WR,585000,585000,0,0.4,917839,917839,0
Joe Morgan,Ravens,WR,585000,585000,0,0.4,917839,917839,0
Kamar Aiken,Ravens,WR,585000,585000,0,0.4,917839,917839,0
Griff Whalen,Colts,WR,585000,585000,0,0.4,917839,917839,0
Junior Hemingway,Chiefs,WR,585000,585000,0,0.4,917839,917839,0
Brandon Washington,Rams,WR,585000,585000,0,0.4,917839,917839,0
Chris Hogan,Bills,WR,585000,585000,0,0.4,917839,917839,0
Neal Sterling,Jaguars,WR,2280000,570000,0,0.4,3577219,894305,0
Devon Wylie,Rams,WR,1110000,555000,0,0.4,1741541,870771,0
Phil Bates,Cowboys,WR,1110000,555000,0,0.4,1741541,870771,0
DaVaris Daniels,Patriots,WR,1585000,528333,10000,0.4,2486795,828931,15690
Lucky Whitehead,NYJ/DAL,WR,1585000,528333,10000,0.4,2486795,828931,15690
Gavin Lutman,Vikings,WR,1582500,527500,7500,0.4,2482873,827624,11767
Devante Davis,Eagles,WR,1582000,527333,0,0.4,2482088,827362,0
Bradley Marquez,Rams,WR,1581500,527167,6500,0.4,2481304,827102,10198
Cameron Meredith,Bears,WR,1581000,527000,6000,0.4,2480519,826840,9414
Eli Rogers,Steelers,WR,1580000,526667,5000,0.4,2478950,826317,7845
Jimmie Hunt,Packers,WR,1580000,526667,5000,0.4,2478950,826317,7845
Devin Gardner,Steelers,WR,1580000,526667,15000,0.4,2478950,826317,23534
Javess Blue,Packers,WR,1579000,526333,4000,0.4,2477381,825793,6276
Tyrell Williams,Chargers,WR,1578500,526167,3500,0.4,2476597,825533,5491
Cam Worthy,Ravens,WR,1577500,525833,2500,0.4,2475028,825009,3922
Isiah Ferguson,Rams,WR,1576000,525333,1000,0.4,2472674,824224,1569
Damond Powell,Cardinals,WR,1575500,525167,500,0.4,2471890,823964,784
Trevor Harman,Cardinals,WR,1575000,525000,0,0.4,2471106,823702,0
Trent Steelman,Ravens,WR,1575000,525000,0,0.4,2471106,823702,0
Tebucky Jones,Titans,WR,1575000,525000,0,0.4,2471106,823702,0
Adam Humphries,Buccaneers,WR,1575000,525000,0,0.4,2471106,823702,0
Tyrell Williams,Chargers,WR,1575000,525000,0,0.4,2471106,823702,0
James Butler,Packers,WR,1575000,525000,0,0.4,2471106,823702,0
Jared Abbrederis,Packers,WR,1575000,525000,0,0.4,2471106,823702,0
Adam Drake,Chiefs,WR,1575000,525000,0,0.4,2471106,823702,0
Kenzel Doe,Steelers,WR,1575000,525000,0,0.4,2471106,823702,0
Mike Johnson,Eagles,WR,1575000,525000,0,0.4,2471106,823702,0
Jonathon Rumph,Jets,WR,1575000,525000,0,0.4,2471106,823702,0
Arthur Williams,Jets,WR,1575000,525000,0,0.4,2471106,823702,0
Devon Wylie,Raiders,WR,510000,510000,0,0.4,800168,800168,0
Walt Powell,Raiders,WR,510000,510000,0,0.4,800168,800168,0
Justin Brown,Bills,WR,510000,510000,0,0.4,800168,800168,0
Tommy Streeter,Dolphins,WR,510000,510000,0,0.4,800168,800168,0
Chris Harper,Giants,WR,510000,510000,0,0.4,800168,800168,0
Greg Jenkins,Jaguars,WR,510000,510000,0,0.4,800168,800168,0
Kevin Dorsey,Patriots,WR,510000,510000,0,0.4,800168,800168,0
Brandon Marshall,Bears,WR,30000000,10000000,22300000,7.5,50706767,16902256,37692030
Jordy Nelson,Packers,WR,39050000,9762500,11500000,7.3,66003308,16500827,19437594
DeSean Jackson,Commanders,WR,24000000,8000000,16000000,6,40565414,13521805,27043609
Eric Decker,Jets,WR,36250000,7250000,15000000,5.5,61270677,12254135,25353383
Golden Tate,PHI/DET,WR,31000000,6200000,14250000,4.7,52396992,10479398,24085714
Roddy White,Falcons,WR,18000000,6000000,7550000,4.5,30424060,10141353,12761203
Anquan Boldin,49ers,WR,12000000,6000000,8500000,4.5,20282707,10141353,14366917
Jeremy Maclin,Eagles,WR,5500000,5500000,3500000,4.1,9296241,9296241,5915789
Emmanuel Sanders,Broncos,WR,15000000,5000000,6000000,3.8,25353383,8451128,10141353
Sammy Watkins,LAR/BUF,WR,19935603,4983901,19935603,3.7,33695666,8423917,33695666
Riley Cooper,Eagles,WR,22500000,4500000,10000000,3.4,38030075,7606015,16902256
Doug Baldwin,Seahawks,WR,13000000,4333333,8500000,3.3,21972932,7324310,14366917
Julian Edelman,Patriots,WR,17000000,4250000,8000000,3.2,28733835,7183459,13521805
Hakeem Nicks,Colts,WR,4000000,4000000,2250000,3,6760902,6760902,3803008
Ted Ginn,Cardinals,WR,9750000,3750000,5250000,2.8,16479699,6338346,8873684
Mike Evans,Buccaneers,WR,14631052,3657763,14631052,2.8,24729778,6182445,24729778
Jeremy Kerley,Jets,WR,14000000,3500000,4841765,2.6,23663158,5915789,8183675
Eddie Royal,Chargers,WR,3500000,3500000,3500000,2.6,5915789,5915789,5915789
Steve Smith,Ravens,WR,10500000,3500000,3500000,2.6,17747368,5915789,5915789
Andrew Hawkins,Browns,WR,13600000,3400000,6800000,2.6,22987068,5746767,11493534
James Jones,Raiders,WR,10000000,3333333,3650000,2.5,16902256,5634085,6169323
Kelvin Benjamin,Bills,WR,16123250,3224650,6199125,2.4,27251929,5450386,10477920
Brandon LaFell,Patriots,WR,9300000,3100000,3000000,2.3,15719098,5239699,5070677
Jacoby Jones,Ravens,WR,12000000,3000000,3500000,2.3,20282707,5070677,5915789
Devin Hester,Falcons,WR,9000000,3000000,4000000,2.3,15212030,5070677,6760902
Odell Beckham Jr.,Giants,WR,10406198,2601550,10406198,2,17588822,4397206,17588822
Jerricho Cotchery,Panthers,WR,5000000,2500000,2250000,1.9,8451128,4225564,3803008
Brandin Cooks,NO/NE/LAR,WR,8383452,2095863,7601853,1.6,14169925,3542481,12848846
Miles Austin,Browns,WR,2000000,2000000,300000,1.5,3380451,3380451,507068
Matt Slater,Patriots,WR,4000000,2000000,3000000,1.5,6760902,3380451,5070677
Kelvin Benjamin,Panthers,WR,7664250,1916063,6199125,1.4,12954311,3238579,10477920
Louis Murphy,Buccaneers,WR,4750000,1583333,350000,1.2,8028571,2676190,591579
Lance Moore,Steelers,WR,3000000,1500000,645000,1.1,5070677,2535338,1090195
Sidney Rice,Seahawks,WR,1400000,1400000,150000,1.1,2366316,2366316,253534
Kenny Britt,Rams,WR,1400000,1400000,550000,1.1,2366316,2366316,929624
Marqise Lee,Jaguars,WR,5174022,1293506,3158107,1,8745264,2186317,5337913
Jordan Matthews,PHI/BUF,WR,4949270,1237318,2984435,0.9,8365383,2091347,5044368
Paul Richardson,Seahawks,WR,4712836,1178209,2381736,0.9,7965756,1991439,4025671
Nate Burleson,Browns,WR,1020000,1020000,350000,0.8,1724030,1724030,591579
Santana Moss,Commanders,WR,1020000,1020000,65000,0.8,1724030,1724030,109865
Jerome Simpson,Vikings,WR,1000000,1000000,0,0.8,1690226,1690226,0
Vincent Brown,Raiders,WR,988339,988339,25000,0.7,1670516,1670516,42256
Davante Adams,Packers,WR,3933402,983351,1779447,0.7,6648337,1662085,3007667
Austin Pettis,Rams,WR,950000,950000,250000,0.7,1605714,1605714,422556
Cody Latimer,Broncos,WR,3708650,927163,2025755,0.7,6268455,1567115,3423983
Allen Robinson,Jaguars,WR,3510870,877718,1173360,0.7,5934162,1483541,1983243
Jarvis Landry,Dolphins,WR,3474908,868727,1067208,0.7,5873378,1468345,1803822
Jason Avant,Chiefs,WR,855000,855000,0,0.6,1445143,1445143,0
Santonio Holmes,Bears,WR,855000,855000,0,0.6,1445143,1445143,0
Darrius Heyward-Bey,Steelers,WR,795000,795000,65000,0.6,1343729,1343729,109865
Tandon Doss,Jaguars,WR,1505000,752500,65000,0.6,2543789,1271895,109865
Kyle Williams,Chiefs,WR,740000,740000,0,0.6,1250767,1250767,0
Josh Morgan,Bears,WR,730000,730000,0,0.5,1233865,1233865,0
Earl Bennett,Browns,WR,730000,730000,75000,0.5,1233865,1233865,126767
Mike Thomas,Texans,WR,730000,730000,0,0.5,1233865,1233865,0
Josh Huff,Eagles,WR,2820944,705236,555944,0.5,4768032,1192008,939671
Donte Moncrief,Colts,WR,2808520,702130,543520,0.5,4747032,1186758,918671
John Brown,Cardinals,WR,2798900,699725,542900,0.5,4730772,1182693,917623
Jalen Saunders,Jets,WR,2701448,675362,481448,0.5,4566056,1141514,813756
Bruce Ellington,SF/NYJ,WR,2694428,673607,474428,0.5,4554191,1138548,801890
Shaq Evans,Jets,WR,2670900,667725,450900,0.5,4514423,1128606,762123
De'Anthony Thomas,Chiefs,WR,2665108,666277,420108,0.5,4504634,1126158,710077
Martavis Bryant,LV/PIT,WR,2659220,664805,439220,0.5,4494682,1123670,742381
Kevin Norwood,SEA/CAR,WR,2640108,660027,420108,0.5,4462378,1115595,710077
Kris Durham,Lions,WR,645000,645000,0,0.5,1090195,1090195,0
Jonathan Baldwin,SF/DET,WR,645000,645000,0,0.5,1090195,1090195,0
Greg Little,Bengals,WR,1390000,645000,0,0.5,2349414,1090195,0
Kris Durham,Titans,WR,645000,645000,0,0.5,1090195,1090195,0
T.J. Graham,Jets,WR,1230000,615000,0,0.5,2078977,1039489,0
Ryan Grant,Commanders,WR,2433612,608403,213612,0.5,4113353,1028338,361052
Devin Street,Cowboys,WR,2421972,605493,201972,0.5,4093679,1023420,341378
Jared Abbrederis,Packers,WR,2364560,591140,144560,0.4,3996640,999160,244339
B.J. Cunningham,Eagles,WR,1755000,585000,0,0.4,2966346,988782,0
Robert Herron,Buccaneers,WR,2332000,583000,112000,0.4,3941606,985402,189305
T.J. Jones,Lions,WR,2326200,581550,106200,0.4,3931803,982951,179502
Matt Hazel,Dolphins,WR,2325800,581450,105800,0.4,3931127,982782,178826
Walt Powell,NYJ/ARI,WR,2323788,580947,103788,0.4,3927726,981931,175425
Quincy Enunwa,Jets,WR,2298680,574670,78680,0.4,3885288,971322,132987
Michael Campanaro,Ravens,WR,2287500,571875,67500,0.4,3866391,966598,114090
Aldrick Robinson,Commanders,WR,570000,570000,0,0.4,963429,963429,0
Jeff Janis,Packers,WR,2271392,567848,51392,0.4,3839165,959791,86864
James Wright,CIN/CLE,WR,2269824,567456,49824,0.4,3836515,959129,84214
Tevin Reese,Chargers,WR,2269432,567358,49432,0.4,3835852,958963,83551
Jeremy Gallon,Patriots,WR,2267592,566898,47592,0.4,3832742,958185,80441
Tavarres King,Buccaneers,WR,1080000,540000,0,0.4,1825444,912722,0
Devon Wylie,49ers,WR,1080000,540000,0,0.4,1825444,912722,0
Joe Adams,Texans,WR,1080000,540000,0,0.4,1825444,912722,0
DeMarco Sampson,49ers,WR,1080000,540000,0,0.4,1825444,912722,0
Jeremy Ebert,Falcons,WR,1080000,540000,0,0.4,1825444,912722,0
Tavarres King,Jaguars,WR,1080000,540000,0,0.4,1825444,912722,0
Willie Snead,Browns,WR,1580000,526667,5000,0.4,2670556,890186,8451
Albert Wilson,Chiefs,WR,1540000,513333,10000,0.4,2602947,867649,16902
Seth Roberts,Raiders,WR,1536000,512000,6000,0.4,2596186,865395,10141
Allen Hurns,Jaguars,WR,1535000,511667,20000,0.4,2594496,864833,33805
Kevin Smith,Jaguars,WR,1534000,511667,0,0.4,2592806,864833,0
Taylor Gabriel,Browns,WR,1530000,510000,0,0.4,2586045,862015,0
Josh Boyce,Patriots,WR,1020000,510000,0,0.4,1724030,862015,0
Taylor Gabriel,Falcons,WR,1530000,510000,0,0.4,2586045,862015,0
Diontae Spencer,Rams,WR,1530000,510000,0,0.4,2586045,862015,0
Charles Johnson,Vikings,WR,1530000,510000,0,0.4,2586045,862015,0
Chris Williams,Bears,WR,1005000,502500,0,0.4,1698677,849338,0
Quincy Enunwa,Jets,WR,1995000,498750,0,0.4,3372000,843000,0
Toney Clemons,Panthers,WR,495000,495000,0,0.4,836662,836662,0
Kamar Aiken,Ravens,WR,495000,495000,0,0.4,836662,836662,0
Chris Hogan,Bills,WR,495000,495000,0,0.4,836662,836662,0
Brandon Washington,Rams,WR,495000,495000,0,0.4,836662,836662,0
Dontrelle Inman,Chargers,WR,945000,472500,15000,0.4,1597263,798632,25353
Rob Gronkowski,TB/NE,TE,54000000,9000000,18170000,7.5,100656716,16776119,33869121
John Carlson,Vikings,TE,25000000,5000000,9100000,4.1,46600332,9320066,16962521
Craig Stevens,Titans,TE,14400000,3600000,4000000,3,26841791,6710448,7456053
Joel Dreessen,Broncos,TE,8500000,2833333,4000000,2.3,15844113,5281370,7456053
Jacob Tamme,Broncos,TE,8000000,2666667,3500000,2.2,14912106,4970703,6524046
Coby Fleener,Colts,TE,5341648,1335412,3767638,1.1,9956903,2489226,7022927
Rhett Ellison,Vikings,TE,3282584,820646,300584,0.7,6118780,1529695,560293
Dwayne Allen,Colts,TE,3080304,770076,703304,0.6,5741728,1435432,1310968
Michael Egnew,MIA/DET,TE,2776456,694114,588956,0.6,5175351,1293838,1097822
Ladarius Green,Chargers,TE,2550900,637725,450900,0.5,4754911,1188728,840484
Orson Charles,Bengals,TE,2529300,632325,429300,0.5,4714649,1178662,800221
Adrien Robinson,Giants,TE,2485652,621413,385652,0.5,4633288,1158322,718860
Taylor Thompson,Titans,TE,2298000,574500,198000,0.5,4283502,1070876,369075
James Hanna,Cowboys,TE,2204852,551213,104852,0.5,4109873,1027468,195446
Drake Dunsmore,Buccaneers,TE,2149000,537250,49000,0.4,4005765,1001441,91337
David Paulson,Steelers,TE,2145896,536474,45896,0.4,3999979,999995,85551
Brad Smelley,Browns,TE,2145896,536474,45896,0.4,3999979,999995,85551
Garrett Celek,49ers,TE,1446000,482000,6000,0.4,2695363,898454,11184
Jason Witten,Cowboys,TE,37000000,7400000,21000000,6.1,69097404,13819481,39217445
Marcedes Lewis,Jaguars,TE,34000000,6800000,17000000,5.6,63494912,12698982,31747456
Zach Miller,Seahawks,TE,34000000,6800000,17000000,5.6,63494912,12698982,31747456
Greg Olsen,Panthers,TE,22800000,5700000,10000000,4.7,42578941,10644735,18674974
Owen Daniels,Texans,TE,22000000,5500000,6000000,4.6,41084943,10271236,11204984
Kyle Rudolph,Vikings,TE,4629851,1157463,0,1,8646235,2161559,0
Lance Kendricks,Rams,TE,4226105,1056526,0,0.9,7892240,1973060,0
Rob Housler,Cardinals,TE,3645092,911273,684092,0.8,6807200,1701800,1277540
Jordan Cameron,Browns,TE,2517400,629350,477400,0.5,4701238,1175309,891543
Luke Stocker,Buccaneers,TE,2512688,628172,472688,0.5,4692438,1173110,882744
Julius Thomas,Broncos,TE,2424000,606000,384000,0.5,4526814,1131703,717119
Lee Smith,NE/BUF,TE,2298282,574571,171480,0.5,4292036,1073010,320238
Gabe Miller,Chiefs,TE,2238500,559625,198500,0.5,4180393,1045098,370698
D.J. Williams,GB/JAX,TE,2238000,559500,198000,0.5,4179459,1044865,369764
Niles Paul,Commanders,TE,2221652,555413,181652,0.5,4148929,1037232,339235
Charles Clay,Dolphins,TE,2152000,538000,112000,0.4,4018854,1004714,209160
Richard Gordon,Raiders,TE,2144852,536213,104852,0.4,4005506,1001376,195811
Virgil Green,Broncos,TE,2109000,527250,69000,0.4,3938552,984638,128857
Ryan Taylor,CLE/GB/BAL,TE,2099176,524794,59176,0.4,3920206,980051,110511
Daniel Hardy,Buccaneers,TE,2085900,521475,45900,0.4,3895413,973853,85718
Vernon Davis,SF/DEN,TE,36750000,7350000,23000000,5.7,64041860,12808372,40080620
Antonio Gates,Chargers,TE,36175000,7235000,20400000,5.6,63039845,12607969,35549767
Jermaine Gresham,Bengals,TE,12400000,2480000,8248500,1.9,21608682,4321736,14374130
Brent Celek,Eagles,TE,29250000,4875000,10824706,4,53458537,8909756,19783690
Jared Cook,Rams,TE,35100000,7020000,19000000,5.7,64150244,12830049,34725203
Tony Gonzalez,Falcons,TE,14000000,7000000,7000000,5.7,25586992,12793496,12793496
Martellus Bennett,NE/CHI,TE,20400000,5100000,9215000,4.1,37283902,9320976,16841724
Delanie Walker,Titans,TE,17500000,4375000,8600000,3.6,31983740,7995935,15717724
Anthony Fasano,Chiefs,TE,16000000,4000000,4500000,3.3,29242276,7310569,8224390
John Carlson,Vikings,TE,15550000,3887500,1200000,3.2,28419837,7104959,2193171
Tyler Eifert,Bengals,TE,13038001,2607600,12272592,2.1,23828802,4765760,22429908
Ben Watson,Saints,TE,4950000,1650000,1200000,1.3,9046829,3015610,2193171
Zach Ertz,Eagles,TE,5379198,1344800,3657854,1.1,9831250,2457813,6685249
Gary Barnidge,Browns,TE,3750000,1250000,650000,1,6853659,2284553,1187967
Gavin Escobar,Cowboys,TE,4210496,1052624,2213566,0.9,7695280,1923820,4045607
Vance McDonald,49ers,TE,3599178,899795,1921183,0.7,6578010,1644503,3511235
Travis Kelce,Chiefs,TE,3126304,781576,703304,0.6,5713765,1428441,1285388
Jordan Reed,Commanders,TE,2760000,690000,549112,0.6,5044293,1261073,1003580
Dion Sims,Dolphins,TE,2627552,656888,467552,0.5,4802225,1200556,854518
Levine Toilolo,Falcons,TE,2460584,615146,300584,0.5,4497067,1124267,549360
Luke Willson,Seahawks,TE,2338532,584633,178532,0.5,4274000,1068500,326293
Nick Kasa,Raiders,TE,2280600,570150,120600,0.5,4168121,1042030,220414
Mychal Rivera,Raiders,TE,2264852,566213,104852,0.5,4139339,1034835,191632
Ryan Griffin,Texans,TE,2238680,559670,78680,0.5,4091506,1022877,143799
Michael Williams,Lions,TE,2225148,556287,65148,0.5,4066775,1016694,119067
D.C. Jefferson,Cardinals,TE,2220248,555062,60248,0.5,4057819,1014455,110112
Chris Gragg,Bills,TE,2219172,554794,59172,0.5,4055853,1013965,108145
Justice Cunningham,Colts,TE,2205896,551474,45896,0.4,4031589,1007897,83881
Justice Cunningham,Colts,TE,2160000,540000,0,0.4,3947707,986927,0
Andre Smith,Browns,TE,1050000,525000,0,0.4,1919024,959512,0
Josh Hill,Saints,TE,1490000,496667,5000,0.4,2723187,907730,9138
Jack Doyle,IND/TEN,TE,1490000,496667,5000,0.4,2723187,907730,9138
Darren Fells,Seahawks,TE,1485000,495000,0,0.4,2714049,904683,0
Jimmy Graham,NO/SEA,TE,40000000,10000000,20900000,7.5,67609023,16902256,35325714
Kyle Rudolph,Vikings,TE,36500000,7300000,18500000,5.5,61693233,12338647,31269173
Dennis Pitta,Ravens,TE,32000000,6400000,16000000,4.8,54087218,10817444,27043609
Heath Miller,Steelers,TE,8000000,4000000,5000000,3,13521805,6760902,8451128
Brandon Pettigrew,Lions,TE,16000000,4000000,8000000,3,27043609,6760902,13521805
Garrett Graham,Texans,TE,11250000,3750000,4500000,2.8,19015038,6338346,7606015
Eric Ebron,Lions,TE,12249146,3062287,12249146,2.3,20703820,5175956,20703820
Zach Miller,Seahawks,TE,6000000,3000000,1650000,2.3,10141353,5070677,2788872
Craig Stevens,Titans,TE,5200000,2600000,500000,2,8789173,4394586,845113
Scott Chandler,Bills,TE,4750000,2375000,1200000,1.8,8028571,4014286,2028271
Brandon Myers,Buccaneers,TE,4250000,2125000,2000000,1.6,7183459,3591729,3380451
Jacob Tamme,Broncos,TE,1700000,1700000,0,1.3,2873383,2873383,0
Brandon Myers,Buccaneers,TE,3250000,1625000,500000,1.2,5493233,2746617,845113
John Carlson,Cardinals,TE,3200000,1600000,100000,1.2,5408722,2704361,169023
Austin Seferian-Jenkins,TB/NYJ,TE,5254932,1313733,3220629,1,8882020,2220505,5443589
Michael Hoomanawanui,Saints,TE,2400000,1200000,500000,0.9,4056541,2028271,845113
Jace Amaro,Jets,TE,4292996,1073249,2477316,0.8,7256132,1814033,4187223
Jace Amaro,Titans,TE,4292996,1073249,2447316,0.8,7256132,1814033,4136516
Troy Niklas,Cardinals,TE,4023298,1005825,1848913,0.8,6800281,1700071,3125080
Owen Daniels,Ravens,TE,1000000,1000000,0,0.8,1690226,1690226,0
C.J. Fiedorowicz,Texans,TE,3195114,798779,703304,0.6,5400463,1350117,1188742
Ed Dickson,Panthers,TE,795000,795000,65000,0.6,1343729,1343729,109865
D.J. Williams,Buccaneers,TE,1390000,695000,0,0.5,2349414,1174707,0
Richard Rodgers,Packers,TE,2761016,690254,506016,0.5,4666740,1166685,855281
Crockett Gillmore,Ravens,TE,2731016,682754,506016,0.5,4616033,1154008,855281
Richard Gordon,Chiefs,TE,645000,645000,0,0.5,1090195,1090195,0
Zach Miller,Bears,TE,645000,645000,0,0.5,1090195,1090195,0
Arthur Lynch,NYJ/MIA,TE,2411300,602825,191300,0.5,4075641,1018910,323340
Ted Bolser,Commanders,TE,2288900,572225,68900,0.4,3868757,967189,116457
Rob Blanchflower,Steelers,TE,2279400,569850,59400,0.4,3852700,963175,100399
MarQueis Gray,Bills,TE,1080000,540000,0,0.4,1825444,912722,0
Ryan Hewitt,Bengals,TE,1540000,513333,10000,0.4,2602947,867649,16902
Trey Burton,Eagles,TE,1537500,512500,20000,0.4,2598722,866241,33805
Cameron Brate,Buccaneers,TE,1530000,510000,0,0.4,2586045,862015,0
D.C. Jefferson,Panthers,TE,496000,496000,1000,0.4,838352,838352,1690
Brad Smelley,Rams,TE,495000,495000,0,0.4,836662,836662,0
Justice Cunningham,Rams,TE,930000,465000,0,0.3,1571910,785955,0
Darren Fells,Cardinals,TE,930000,465000,0,0.3,1571910,785955,0
Gabe Miller,Commanders,TE,930000,465000,0,0.3,1571910,785955,0
Justice Cunningham,Rams,TE,930000,465000,0,0.3,1571910,785955,0
Cameron Brate,Buccaneers,TE,930000,465000,0,0.3,1571910,785955,0
Gabe Miller,Commanders,TE,930000,465000,0,0.3,1571910,785955,0
Julius Thomas,JAX/MIA,TE,46000000,9200000,24000000,6.4,72171971,14434394,37654941
Charles Clay,Bills,TE,38000000,7600000,24500000,5.3,59620324,11924065,38439419
Jordan Cameron,Dolphins,TE,15000000,7500000,5000000,5.2,23534338,11767169,7844779
Greg Olsen,Panthers,TE,22500000,7500000,12000000,5.2,35301508,11767169,18827471
Lance Kendricks,Rams,TE,18600000,4650000,10000000,3.2,29182580,7295645,15689559
Gary Barnidge,Browns,TE,12300000,4100000,5450000,2.9,19298157,6432719,8550810
Owen Daniels,Broncos,TE,12250000,4083333,3000000,2.8,19219710,6406569,4706868
Jermaine Gresham,Cardinals,TE,3125000,3125000,1500000,2.2,4902987,4902987,2353434
Lee Smith,Raiders,TE,9100000,3033333,3100000,2.1,14277499,4759166,4863763
Virgil Green,Broncos,TE,8400000,2800000,4200000,2,13179229,4393076,6589615
Scott Chandler,Patriots,TE,5300000,2650000,2000000,1.8,8315466,4157733,3137912
Marcedes Lewis,Jaguars,TE,2650000,2650000,750000,1.8,4157733,4157733,1176717
Anthony Fasano,Titans,TE,5250000,2625000,1125000,1.8,8237018,4118509,1765075
Ed Dickson,Panthers,TE,6800000,2266667,2000000,1.6,10668900,3556301,3137912
Niles Paul,Commanders,TE,6000000,2000000,2250000,1.4,9413735,3137912,3530151
Rob Housler,Browns,TE,1760000,1760000,750000,1.2,2761362,2761362,1176717
Luke Stocker,Buccaneers,TE,4800000,1600000,500000,1.1,7530988,2510329,784478
Craig Stevens,Titans,TE,1600000,1600000,350000,1.1,2510329,2510329,549135
Jacob Tamme,Falcons,TE,3200000,1600000,400000,1.1,5020659,2510329,627582
Derek Carrier,LAR/WAS,TE,2400000,1200000,400000,0.8,3765494,1882747,627582
Matt Spaeth,Steelers,TE,2200000,1100000,275000,0.8,3451703,1725851,431463
Maxx Williams,Ravens,TE,4052734,1013184,1826659,0.7,6358561,1589641,2865947
Daniel Fells,Giants,TE,950000,950000,80000,0.7,1490508,1490508,125516
Clive Walford,NYJ/LV,TE,3345450,836363,794504,0.6,5248863,1312217,1246542
Fred Davis,Patriots,TE,825000,825000,0,0.6,1294389,1294389,0
Demarcus Dobbs,Seahawks,TE,825000,825000,80000,0.6,1294389,1294389,125516
Tyler Kroft,Bengals,TE,3001276,750319,647776,0.5,4708870,1177217,1016332
Steve Maneri,Jets,TE,745000,745000,0,0.5,1168872,1168872,0
Tony Moeaki,Falcons,TE,745000,745000,0,0.5,1168872,1168872,0
Ryan Taylor,Chiefs,TE,745000,745000,0,0.5,1168872,1168872,0
Richard Gordon,DEN/KC/BAL,TE,745000,745000,0,0.5,1168872,1168872,0
Rob Housler,Bears,TE,745000,745000,0,0.5,1168872,1168872,0
Ryan Taylor,Dolphins,TE,745000,745000,0,0.5,1168872,1168872,0
Jeff Heuerman,Broncos,TE,2945804,736451,620804,0.5,4621837,1155459,974014
Garrett Celek,49ers,TE,710000,710000,25000,0.5,1113959,1113959,39224
Blake Bell,MIN/SF,TE,2785132,696283,505132,0.5,4369749,1092437,792530
Zach Miller,Bears,TE,660000,660000,0,0.5,1035511,1035511,0
D.J. Williams,Commanders,TE,660000,660000,0,0.5,1035511,1035511,0
Allen Reisner,Ravens,TE,660000,660000,0,0.5,1035511,1035511,0
Anthony McCoy,Seahawks,TE,660000,660000,0,0.5,1035511,1035511,0
David Paulson,Chargers,TE,1260000,630000,0,0.4,1976884,988442,0
Joseph Fauria,Cardinals,TE,1260000,630000,0,0.4,1976884,988442,0
C.J. Uzomah,Bengals,TE,2492764,623191,212764,0.4,3911037,977759,333817
Jesse James,Steelers,TE,2488912,622228,208912,0.4,3904993,976248,327774
James O'Shaughnessy,JAX/NE/KC,TE,2473252,618313,166252,0.4,3880423,970106,260842
Nick Boyle,Ravens,TE,2446252,611563,611563,0.4,3838061,959515,959515
Malcolm Johnson,Browns,TE,2399452,599863,119452,0.4,3764634,941159,187415
Randall Telfer,IND/CLE/KC,TE,2397536,599384,117536,0.4,3761628,940407,184409
A.J. Derby,MIA/DEN,TE,2392052,598013,112052,0.4,3753024,938256,175805
Darren Waller,Ravens,TE,2386096,596524,111096,0.4,3743679,935920,174305
Kevin Brock,Saints,TE,585000,585000,0,0.4,917839,917839,0
Michael Egnew,Saints,TE,585000,585000,0,0.4,917839,917839,0
Orson Charles,Saints,TE,585000,585000,0,0.4,917839,917839,0
Mickey Shuler,Falcons,TE,585000,585000,0,0.4,917839,917839,0
Michael Egnew,Steelers,TE,585000,585000,0,0.4,917839,917839,0
Geoff Swaim,Cowboys,TE,2334732,583683,54732,0.4,3663092,915773,85872
Gerald Christian,Cardinals,TE,2332784,583196,52784,0.4,3660035,915009,82816
Rory Anderson,49ers,TE,2332784,583196,52784,0.4,3660035,915009,82816
Kyle Miller,Chargers,TE,1110000,555000,0,0.4,1741541,870771,0
Brad Smelley,Rams,TE,1110000,555000,0,0.4,1741541,870771,0
Justice Cunningham,Rams,TE,1110000,555000,0,0.4,1741541,870771,0
Cameron Brate,Buccaneers,TE,1110000,555000,0,0.4,1741541,870771,0
Brandon Barden,Cowboys,TE,1110000,555000,0,0.4,1741541,870771,0
Jack Tabb,Saints,TE,1578000,526000,3000,0.4,2475812,825271,4707
Clay Burton,Bills,TE,1578000,526000,3000,0.4,2475812,825271,4707
Ray Hamilton,Steelers,TE,1577500,525833,2500,0.4,2475028,825009,3922
Justin Sinz,Colts,TE,1577000,525667,2000,0.4,2474243,824748,3138
Nick O'Leary,Bills,TE,1575000,525000,0,0.4,2471106,823702,0
Dan Light,Broncos,TE,1575000,525000,0,0.4,2471106,823702,0
Marcel Jensen,Commanders,TE,1575000,525000,0,0.4,2471106,823702,0
Deon Butler,Lions,TE,1575000,525000,0,0.4,2471106,823702,0
Anthony Ezeakunne,Browns,TE,1575000,525000,0,0.4,2471106,823702,0
Ernst Brun,Commanders,TE,1575000,525000,0,0.4,2471106,823702,0
Beau Gardner,Falcons,TE,1575000,525000,3000,0.4,2471106,823702,4707
Kevin Hughes,Patriots,TE,510000,510000,0,0.4,800168,800168,0
Michael Williams,NE/DET,TE,965000,482500,5000,0.3,1514042,757021,7845
Vince Mayle,Cowboys,TE,960000,480000,0,0.3,1506198,753099,0
Ted Bolser,Cardinals,TE,960000,480000,0,0.3,1506198,753099,0
Jordan Thompson,Lions,TE,960000,480000,0,0.3,1506198,753099,0
Vince Mayle,Cowboys,TE,960000,480000,0,0.3,1506198,753099,0
Jake Murphy,Broncos,TE,960000,480000,0,0.3,1506198,753099,0
