Team_Name,G,PF,Yds,Ply,Y/P,TO,FL,1stD,Cmp,Att_Pass,Yds_Pass,TD_Pass,Int,NY/A,1stD_Pass,Att_Rush,Yds_Rush,TD_Rush,YdsPer_Rush,1stD_Rush,Pen,Yds_Pen,1stPy,Sc%,TO%,EXP,Tm,Year
New England Patriots,16,557,6846,1191,5.7,16,7,444,402,641,4662,34,9,7.0,256,523,2184,25,4.2,151,97,840,37,48.1,8.1,118.97,NWE,2012
Denver Broncos,16,481,6366,1090,5.8,25,14,380,402,588,4534,37,11,7.4,232,481,1832,12,3.8,112,100,805,36,39.9,12.2,54.27,DEN,2012
New Orleans Saints,16,461,6574,1067,6.2,24,5,352,423,671,4997,43,19,7.2,267,370,1577,10,4.3,64,104,911,21,37.4,12.1,74.33,NOR,2012
Washington Redskins,16,436,6131,994,6.2,14,6,341,291,442,3422,24,8,7.2,171,519,2709,22,5.2,144,116,985,26,39.3,7.7,-16.5,WAS,2012
Green Bay Packers,16,433,5751,1042,5.5,16,8,341,374,558,4049,40,8,6.6,213,433,1702,9,3.9,85,103,923,43,37.6,8.1,25.77,GNB,2012
New York Giants,16,429,5687,968,5.9,21,6,327,323,539,3825,26,15,6.8,187,409,1862,18,4.6,103,72,578,37,43.8,11.9,-14.71,NYG,2012
Atlanta Falcons,16,419,5906,1021,5.8,18,4,343,422,615,4509,32,14,7.0,247,378,1397,12,3.7,70,55,415,26,44.0,10.3,-18.12,ATL,2012
Houston Texans,16,416,5953,1090,5.5,17,4,341,354,554,3830,22,13,6.6,205,508,2123,19,4.2,114,108,873,22,35.6,8.4,-20.08,HOU,2012
Seattle Seahawks,16,412,5610,974,5.8,18,8,311,259,405,3031,27,10,6.9,153,536,2579,16,4.8,129,110,890,29,39.4,10.0,9.07,SEA,2012
Baltimore Ravens,16,398,5640,1042,5.4,16,5,314,334,560,3739,22,11,6.3,182,444,1901,17,4.3,98,121,1127,34,35.8,7.8,22.03,BAL,2012
San Francisco 49ers,16,397,5789,969,6.0,16,8,322,289,436,3298,23,8,6.9,172,492,2491,17,5.1,128,109,960,22,39.3,7.9,-15.31,SFO,2012
Cincinnati Bengals,16,391,5323,1016,5.2,26,10,292,335,540,3578,28,16,6.1,173,430,1745,11,4.1,95,99,857,24,35.4,12.8,-90.48,CIN,2012
Tampa Bay Buccaneers,16,389,5820,1008,5.8,23,6,301,311,566,3983,27,17,6.7,188,416,1837,13,4.4,89,101,819,24,35.2,10.9,-32.9,TAM,2012
Minnesota Vikings,16,379,5385,1001,5.4,23,11,306,300,483,2751,18,12,5.3,163,486,2634,16,5.4,113,90,830,30,37.9,12.6,-59.9,MIN,2012
Dallas Cowboys,16,376,5994,1049,5.7,29,10,338,434,658,4729,29,19,6.8,237,355,1265,8,3.6,76,117,853,25,36.7,15.0,-39.11,DAL,2012
Chicago Bears,16,375,4969,999,5.0,24,8,292,287,485,2999,21,16,5.7,163,470,1970,11,4.2,99,102,811,30,30.3,11.8,-115.17,CHI,2012
Detroit Lions,16,372,6540,1160,5.6,33,16,382,445,740,4927,22,17,6.4,272,391,1613,17,4.1,84,103,944,26,36.0,15.2,-59.66,DET,2012
Carolina Panthers,16,357,5771,988,5.8,22,10,328,284,490,3683,19,12,7.0,171,462,2088,21,4.5,123,98,835,34,32.6,10.3,2.08,CAR,2012
Indianapolis Colts,16,357,5799,1109,5.2,27,9,360,339,628,4128,23,18,6.2,208,440,1671,11,3.8,110,94,801,42,33.3,13.9,-73.11,IND,2012
San Diego Chargers,16,350,4756,988,4.8,26,11,293,338,528,3295,26,15,5.7,184,411,1461,4,3.6,81,103,796,28,30.6,13.9,-125.47,SDG,2012
Buffalo Bills,16,344,5486,983,5.6,34,17,301,309,511,3269,24,17,6.0,176,442,2217,12,5.0,103,104,871,22,30.0,17.4,-100.38,BUF,2012
Pittsburgh Steelers,16,336,5324,1023,5.2,30,16,307,354,574,3787,27,14,6.2,202,412,1537,8,3.7,80,92,938,25,33.9,15.6,-108.05,PIT,2012
Tennessee Titans,16,330,5010,957,5.2,28,12,260,318,540,3323,17,16,5.7,166,378,1687,10,4.5,70,106,847,24,27.7,14.9,-109.54,TEN,2012
Cleveland Browns,16,302,5028,998,5.0,26,8,279,328,566,3435,16,18,5.7,185,396,1593,12,4.0,71,113,1005,23,29.8,12.0,-139.68,CLE,2012
St. Louis Rams,16,299,5264,1002,5.3,22,8,287,332,557,3550,22,14,6.0,189,410,1714,5,4.2,79,130,978,19,27.5,11.0,-136.28,STL,2012
Oakland Raiders,16,290,5504,1032,5.3,26,10,300,376,629,4084,24,16,6.2,200,376,1420,4,3.8,72,108,939,28,31.4,12.8,-118.39,OAK,2012
Miami Dolphins,16,288,4984,981,5.1,26,13,288,293,504,3182,13,13,5.9,158,440,1802,15,4.1,93,82,724,37,27.4,12.9,-88.66,MIA,2012
New York Jets,16,281,4787,1034,4.6,37,18,299,272,493,2891,14,19,5.4,162,494,1896,12,3.8,102,83,708,35,24.2,17.5,-166.55,NYJ,2012
Philadelphia Eagles,16,280,5665,1079,5.3,37,22,332,367,618,3791,18,15,5.7,190,413,1874,10,4.5,111,98,813,31,29.9,17.9,-174.47,PHI,2012
Jacksonville Jaguars,16,255,4788,994,4.8,26,9,269,328,586,3419,20,17,5.4,157,358,1369,5,3.8,76,101,955,36,25.5,12.8,-192.09,JAX,2012
Arizona Cardinals,16,250,4209,1018,4.1,34,13,246,337,608,3005,11,21,4.5,168,352,1204,10,3.4,58,102,857,20,22.0,14.8,-297.04,ARI,2012
Kansas City Chiefs,16,211,5108,1015,5.0,37,17,286,273,475,2713,8,20,5.3,144,500,2395,9,4.8,118,92,733,24,24.2,18.8,-203.56,KAN,2012
Denver Broncos,16,606,7317,1156,6.3,26,16,435,461,675,5444,55,10,7.8,293,461,1873,16,4.1,107,117,1000,35,47.5,10.4,277.21,DEN,2013
Chicago Bears,16,445,6109,1013,6.0,23,10,344,373,579,4281,32,13,7.0,215,404,1828,13,4.5,102,85,708,27,39.0,12.1,75.28,CHI,2013
New England Patriots,16,444,6152,1138,5.4,20,9,378,380,628,4087,25,11,6.1,225,470,2065,19,4.4,110,69,625,43,40.8,10.0,100.43,NWE,2013
Philadelphia Eagles,16,442,6676,1054,6.3,19,10,355,310,508,4110,32,9,7.4,197,500,2566,19,5.1,133,95,846,25,36.8,9.0,134.05,PHI,2013
Dallas Cowboys,16,439,5458,957,5.7,20,8,325,375,586,3954,33,12,6.4,213,336,1504,12,4.5,80,102,867,32,39.9,9.8,88.89,DAL,2013
Cincinnati Bengals,16,430,5891,1097,5.4,30,10,330,364,587,4136,33,20,6.7,205,481,1755,14,3.6,101,102,1000,24,32.3,14.9,33.5,CIN,2013
Kansas City Chiefs,16,430,5396,1029,5.2,18,10,323,333,546,3340,24,8,5.7,179,442,2056,17,4.7,110,101,774,34,32.0,9.1,38.85,KAN,2013
Green Bay Packers,16,417,6404,1074,6.0,25,9,351,366,570,4268,25,16,6.9,201,459,2136,17,4.7,119,86,801,31,40.9,12.4,113.82,GNB,2013
Seattle Seahawks,16,417,5424,973,5.6,19,10,307,267,420,3236,27,9,7.0,160,509,2188,14,4.3,116,128,1183,31,40.7,9.3,60.55,SEA,2013
New Orleans Saints,16,414,6391,1079,5.9,19,7,359,446,651,4918,39,12,7.1,244,391,1473,10,3.8,87,95,817,28,40.3,8.3,169.86,NOR,2013
San Francisco 49ers,16,406,5180,961,5.4,18,10,286,244,417,2979,21,8,6.5,148,505,2201,18,4.4,115,103,845,23,37.8,9.0,58.16,SFO,2013
San Diego Chargers,16,396,6293,1060,5.9,21,10,373,378,544,4328,32,11,7.5,230,486,1965,9,4.0,104,95,765,39,44.9,11.4,186.29,SDG,2013
Detroit Lions,16,395,6274,1102,5.7,34,15,350,371,634,4482,29,19,6.8,221,445,1792,15,4.0,106,110,925,23,32.1,17.3,25.59,DET,2013
Indianapolis Colts,16,391,5468,1023,5.3,14,4,318,350,582,3725,23,10,6.1,191,409,1743,15,4.3,88,66,576,39,38.8,6.9,98.0,IND,2013
Minnesota Vikings,16,391,5508,1013,5.4,32,13,309,325,546,3427,18,19,5.8,173,423,2081,23,4.9,106,70,695,30,34.4,14.9,24.52,MIN,2013
Arizona Cardinals,16,379,5542,1037,5.3,31,9,329,363,574,4002,24,22,6.5,205,422,1540,12,3.6,84,96,744,40,33.0,15.5,-5.74,ARI,2013
Pittsburgh Steelers,16,379,5400,1023,5.3,24,10,312,377,586,4017,28,14,6.4,207,394,1383,9,3.5,81,80,677,24,35.4,12.7,26.81,PIT,2013
Carolina Panthers,16,366,5069,999,5.1,19,6,319,292,473,3043,24,13,5.9,169,483,2026,14,4.2,122,80,671,28,36.5,9.4,90.4,CAR,2013
Tennessee Titans,16,362,5390,1032,5.2,25,9,311,328,533,3496,22,16,6.1,172,462,1894,16,4.1,103,101,900,36,34.2,11.4,46.52,TEN,2013
Atlanta Falcons,16,353,5490,1024,5.4,28,11,330,445,659,4243,26,17,6.0,227,321,1247,11,3.9,64,91,788,39,34.1,14.5,48.53,ATL,2013
St. Louis Rams,16,348,4877,968,5.0,21,10,282,301,506,3125,22,11,5.8,165,426,1752,10,4.1,82,123,1009,35,31.5,11.4,-11.2,STL,2013
Buffalo Bills,16,339,5410,1116,4.8,27,12,301,299,522,3103,16,15,5.4,149,546,2307,15,4.2,113,110,954,39,29.9,12.1,-59.11,BUF,2013
Washington Redskins,16,334,5915,1107,5.3,34,15,329,355,611,3751,20,19,5.7,198,453,2164,14,4.8,112,99,802,19,27.6,16.6,-42.64,WAS,2013
Oakland Raiders,16,322,5340,1000,5.3,31,11,275,298,519,3340,17,20,5.9,168,437,2000,16,4.6,90,116,912,17,27.8,14.9,-52.12,OAK,2013
Baltimore Ravens,16,320,4918,1090,4.5,29,6,295,363,619,3590,19,23,5.4,189,423,1328,7,3.1,68,112,942,38,30.9,13.5,-95.39,BAL,2013
Miami Dolphins,16,317,5007,1001,5.0,26,7,278,357,594,3567,24,19,5.5,205,349,1440,8,4.1,61,70,598,12,29.9,13.4,-18.67,MIA,2013
Cleveland Browns,16,308,5423,1078,5.0,29,9,301,379,681,4040,26,20,5.5,200,348,1383,4,4.0,77,104,920,24,26.2,13.8,-83.4,CLE,2013
New York Giants,16,294,4920,988,5.0,44,15,280,325,567,3588,18,29,5.9,176,381,1332,11,3.5,77,91,786,27,25.5,20.1,-106.96,NYG,2013
New York Jets,16,290,5090,1020,5.0,29,7,280,266,480,2932,13,22,5.6,154,493,2158,12,4.4,105,108,837,21,29.6,14.8,-94.9,NYJ,2013
Tampa Bay Buccaneers,16,288,4432,981,4.5,21,9,269,291,514,2820,22,12,5.0,157,420,1612,6,3.8,75,121,1136,37,27.1,9.6,-79.47,TAM,2013
Houston Texans,16,276,5556,1089,5.1,31,9,307,371,633,3813,19,22,5.6,198,414,1743,7,4.2,90,112,1138,19,25.9,14.9,-85.06,HOU,2013
Jacksonville Jaguars,16,247,4701,1020,4.6,27,6,271,349,592,3441,16,21,5.4,176,378,1260,7,3.3,71,96,797,24,23.6,13.8,-130.11,JAX,2013
Green Bay Packers,16,486,6178,1001,6.2,13,7,356,349,536,4261,38,6,7.5,222,435,1917,14,4.4,104,92,775,30,46.7,7.1,172.28,GNB,2014
Denver Broncos,16,482,6446,1067,6.0,20,5,360,399,607,4661,40,15,7.5,227,443,1785,15,4.0,98,120,1045,35,39.9,9.6,140.4,DEN,2014
Philadelphia Eagles,16,474,6348,1127,5.6,36,15,356,384,621,4356,27,21,6.7,218,474,1992,16,4.2,109,115,995,29,36.9,17.2,35.17,PHI,2014
New England Patriots,16,468,5848,1073,5.5,13,4,361,392,609,4121,34,9,6.5,228,438,1727,13,3.9,96,120,1080,37,45.3,7.2,181.12,NWE,2014
Dallas Cowboys,16,467,6138,1014,6.1,25,14,342,328,476,3784,37,11,7.5,205,508,2354,16,4.6,106,105,839,31,43.6,12.8,174.23,DAL,2014
Indianapolis Colts,16,458,6506,1105,5.9,31,15,371,410,661,4894,42,16,7.1,251,415,1612,9,3.9,80,105,848,40,39.5,14.6,83.73,IND,2014
Pittsburgh Steelers,16,436,6577,1068,6.2,21,11,379,411,612,4825,33,10,7.5,243,423,1752,10,4.1,98,103,834,38,41.4,11.5,156.58,PIT,2014
Baltimore Ravens,16,409,5838,1021,5.7,20,8,345,344,554,3819,27,12,6.7,194,448,2019,16,4.5,113,111,870,38,39.6,9.9,135.24,BAL,2014
New Orleans Saints,16,401,6582,1095,6.0,30,13,395,456,659,4764,33,17,6.9,258,406,1818,16,4.5,101,80,670,36,39.1,16.7,151.45,NOR,2014
Seattle Seahawks,16,394,6012,1021,5.9,14,7,328,287,454,3250,20,7,6.6,160,525,2762,20,5.3,144,130,1009,24,40.6,6.9,137.18,SEA,2014
Miami Dolphins,16,388,5601,1040,5.4,23,11,361,394,595,3729,27,12,5.8,226,399,1872,12,4.7,99,81,635,36,37.6,10.5,74.78,MIA,2014
Atlanta Falcons,16,381,6051,1035,5.8,23,8,330,418,632,4553,28,15,6.9,233,372,1498,11,4.0,75,97,840,22,38.9,13.1,61.55,ATL,2014
New York Giants,16,380,5875,1086,5.4,28,14,336,383,607,4272,30,14,6.7,218,449,1603,13,3.6,83,101,896,35,34.7,12.4,40.61,NYG,2014
Houston Texans,16,372,5513,1062,5.2,22,9,313,295,485,3352,22,13,6.6,171,551,2161,12,3.9,108,94,834,34,33.0,11.3,13.01,HOU,2014
Cincinnati Bengals,16,365,5568,1018,5.5,26,9,313,323,503,3421,20,17,6.5,164,492,2147,19,4.4,122,102,812,27,34.0,13.1,13.84,CIN,2014
Kansas City Chiefs,16,353,5100,962,5.3,17,11,309,320,493,3182,18,6,5.9,184,420,1918,18,4.6,92,88,681,33,35.8,9.2,52.61,KAN,2014
San Diego Chargers,16,348,5465,1009,5.4,23,5,326,380,574,4098,31,18,6.7,214,398,1367,6,3.4,75,111,967,37,33.9,12.6,64.94,SDG,2014
Buffalo Bills,16,343,5096,1020,5.0,23,10,273,363,579,3614,23,13,5.8,186,402,1482,7,3.7,65,124,1031,22,32.5,11.2,-43.33,BUF,2014
Carolina Panthers,16,339,5547,1060,5.2,23,11,347,327,545,3511,23,12,6.0,199,473,2036,10,4.3,117,83,756,31,34.8,11.8,44.08,CAR,2014
Minnesota Vikings,16,325,5048,981,5.1,20,2,288,322,517,3244,17,18,5.7,171,413,1804,12,4.4,90,100,836,27,31.8,10.8,6.55,MIN,2014
St. Louis Rams,16,324,5035,957,5.3,27,11,288,327,515,3400,20,16,6.0,189,395,1635,11,4.1,79,123,1139,20,29.6,14.0,-44.13,STL,2014
Detroit Lions,16,321,5452,1045,5.2,20,8,310,365,604,4030,22,12,6.2,210,396,1422,11,3.6,72,118,989,28,32.4,9.5,50.59,DET,2014
Chicago Bears,16,319,5233,1005,5.2,29,10,322,396,609,3792,30,19,5.8,194,355,1441,8,4.1,91,113,997,37,27.8,16.1,-11.8,CHI,2014
Arizona Cardinals,16,310,5116,993,5.2,17,5,302,320,568,3808,21,12,6.4,191,397,1308,6,3.3,67,91,707,44,30.9,9.4,-9.8,ARI,2014
San Francisco 49ers,16,306,5239,1009,5.2,22,12,303,292,487,3063,20,10,5.7,165,470,2176,10,4.6,104,116,937,34,30.9,11.8,13.79,SFO,2014
Washington Redskins,16,301,5738,1006,5.7,31,13,318,364,547,4047,18,18,6.7,186,401,1691,15,4.2,88,120,1130,44,29.7,15.6,14.06,WAS,2014
Cleveland Browns,16,299,5193,1010,5.1,23,7,294,274,502,3465,12,16,6.5,179,477,1728,17,3.6,88,116,932,27,28.0,10.9,-21.15,CLE,2014
New York Jets,16,283,5226,1052,5.0,24,9,289,287,498,2946,16,15,5.4,154,507,2280,11,4.5,112,109,932,23,31.7,11.8,-44.92,NYJ,2014
Tampa Bay Buccaneers,16,277,4672,936,5.0,33,13,263,301,531,3297,21,20,5.7,162,353,1375,7,3.9,72,118,939,29,26.7,17.2,-67.27,TAM,2014
Tennessee Titans,16,254,4859,919,5.3,26,10,258,299,513,3412,20,16,6.1,159,356,1447,6,4.1,75,111,961,24,23.6,12.6,-88.85,TEN,2014
Oakland Raiders,16,253,4515,994,4.5,29,13,248,365,629,3275,22,16,5.0,173,337,1240,4,3.7,56,116,939,19,22.7,13.6,-139.47,OAK,2014
Jacksonville Jaguars,16,249,4634,988,4.7,26,8,271,325,557,3001,15,18,4.8,154,360,1633,9,4.5,86,73,573,31,22.6,12.8,-120.53,JAX,2014
Carolina Panthers,16,500,5871,1060,5.5,19,9,357,300,501,3589,35,10,6.7,197,526,2282,19,4.3,136,103,887,24,42.9,9.6,115.28,CAR,2015
Arizona Cardinals,16,489,6533,1041,6.3,24,11,373,353,562,4616,35,13,7.8,237,452,1917,16,4.2,92,94,758,44,42.5,11.8,148.43,ARI,2015
New England Patriots,16,465,5991,1050,5.7,14,7,348,404,629,4587,36,7,6.9,230,383,1404,14,3.7,87,96,860,31,43.2,5.7,138.04,NWE,2015
Seattle Seahawks,16,423,6058,1035,5.9,16,8,335,333,489,3790,34,8,7.1,190,500,2268,10,4.5,128,117,1007,17,42.0,8.6,129.31,SEA,2015
Pittsburgh Steelers,16,423,6327,1011,6.3,28,7,331,391,590,4603,26,21,7.4,207,388,1724,16,4.4,91,94,868,33,40.5,13.7,22.98,PIT,2015
New York Giants,16,420,5952,1053,5.7,21,7,331,392,623,4343,36,14,6.7,208,403,1609,5,4.0,77,102,777,46,38.2,11.3,31.24,NYG,2015
Cincinnati Bengals,16,419,5728,1004,5.7,17,8,324,334,505,3923,31,9,7.3,191,467,1805,18,3.9,99,111,917,34,39.6,9.3,82.59,CIN,2015
New Orleans Saints,16,408,6461,1096,5.9,20,8,381,460,667,4970,32,12,7.1,247,397,1491,16,3.8,98,130,1112,36,36.3,10.4,146.68,NOR,2015
Kansas City Chiefs,16,405,5299,955,5.5,15,8,303,310,473,3255,20,7,6.3,155,436,2044,19,4.7,116,104,878,32,37.9,7.1,41.53,KAN,2015
Washington Redskins,16,388,5661,1011,5.6,22,11,317,386,555,4095,30,11,7.0,208,429,1566,9,3.7,81,105,828,28,36.1,11.1,54.93,WAS,2015
New York Jets,16,387,5925,1074,5.5,24,8,329,362,604,4057,33,16,6.5,210,448,1868,11,4.2,99,96,787,20,35.7,11.6,72.26,NYJ,2015
Buffalo Bills,16,379,5775,1016,5.7,19,10,297,295,465,3343,23,9,6.6,155,509,2432,19,4.8,122,143,1249,20,34.9,8.6,37.71,BUF,2015
Philadelphia Eagles,16,377,5830,1102,5.3,31,13,339,405,623,4087,23,18,6.2,193,442,1743,15,3.9,110,104,819,36,29.1,15.3,1.07,PHI,2015
Jacksonville Jaguars,16,376,5581,1012,5.5,28,10,313,355,607,4108,35,18,6.2,215,354,1473,5,4.2,69,105,880,29,34.2,14.0,-28.13,JAX,2015
Green Bay Packers,16,368,5353,1056,5.1,17,9,317,348,573,3503,31,8,5.7,173,436,1850,8,4.2,100,105,906,44,33.3,8.9,40.61,GNB,2015
Minnesota Vikings,16,365,5139,973,5.3,17,8,297,294,454,2928,14,9,5.9,153,474,2211,18,4.7,113,88,797,31,38.4,9.3,29.39,MIN,2015
Oakland Raiders,16,359,5336,1008,5.3,24,10,300,373,605,3879,34,14,6.1,193,370,1457,7,3.9,74,139,1102,33,31.8,10.3,4.72,OAK,2015
Detroit Lions,16,358,5547,1030,5.4,24,10,337,420,632,4212,33,14,6.2,236,354,1335,7,3.8,71,104,930,30,34.6,12.3,31.8,DET,2015
Denver Broncos,16,355,5688,1056,5.4,31,8,314,368,606,3970,19,23,6.2,201,411,1718,13,4.2,85,115,1063,28,31.2,15.1,-50.98,DEN,2015
Tampa Bay Buccaneers,16,342,6014,1017,5.9,28,13,336,312,535,3852,22,15,6.9,201,455,2162,12,4.8,99,143,1195,36,35.8,14.8,40.62,TAM,2015
Atlanta Falcons,16,339,5985,1073,5.6,30,13,359,410,621,4379,21,17,6.7,230,420,1606,13,3.8,95,100,969,34,34.5,17.2,52.68,ATL,2015
Houston Texans,16,339,5564,1127,4.9,20,8,335,358,619,3833,29,12,5.9,210,472,1731,7,3.7,90,107,910,35,28.9,9.8,-38.02,HOU,2015
Chicago Bears,16,335,5514,1025,5.4,21,9,312,334,523,3660,21,12,6.6,177,468,1854,13,4.0,108,99,909,27,37.4,11.2,8.41,CHI,2015
Indianapolis Colts,16,333,5142,1052,4.9,30,11,311,355,619,3704,26,19,5.6,195,396,1438,6,3.6,77,108,931,39,29.4,14.4,-51.38,IND,2015
Baltimore Ravens,16,328,5749,1083,5.3,28,7,323,426,676,4271,21,21,6.1,211,383,1478,8,3.9,89,122,1153,23,33.3,14.0,-47.16,BAL,2015
San Diego Chargers,16,320,5949,1100,5.4,24,11,344,442,667,4591,30,13,6.5,230,393,1358,4,3.5,79,117,942,35,33.7,12.4,10.76,SDG,2015
Miami Dolphins,16,310,5307,977,5.4,19,7,291,365,588,3811,24,12,6.0,194,344,1496,11,4.3,72,134,1090,25,25.7,9.6,-4.88,MIA,2015
Tennessee Titans,16,299,4988,976,5.1,33,16,298,342,551,3503,25,17,5.8,195,371,1485,10,4.0,66,93,779,37,25.7,16.2,-89.79,TEN,2015
St. Louis Rams,16,280,4761,920,5.2,22,11,241,273,473,2805,11,11,5.7,126,429,1956,16,4.6,92,122,1057,23,24.5,10.2,-87.66,STL,2015
Cleveland Browns,16,278,5311,1042,5.1,30,18,307,371,609,3782,20,12,5.7,192,380,1529,5,4.0,81,120,1083,34,29.8,15.2,-66.22,CLE,2015
Dallas Cowboys,16,275,5361,969,5.5,33,11,307,334,528,3471,16,22,6.2,175,408,1890,8,4.6,94,112,882,38,31.4,18.0,-51.92,DAL,2015
San Francisco 49ers,16,238,4860,969,5.0,17,5,261,322,526,3316,16,12,5.7,154,390,1544,7,4.0,83,113,823,24,25.8,8.2,-46.9,SFO,2015
Atlanta Falcons,16,540,6653,995,6.7,11,4,379,374,537,4725,38,7,8.2,239,421,1928,20,4.6,108,104,848,32,52.6,6.3,212.07,ATL,2016
New Orleans Saints,16,469,6816,1105,6.2,24,9,395,472,674,5074,38,15,7.2,265,404,1742,17,4.3,105,107,969,25,45.9,12.7,76.86,NOR,2016
New England Patriots,16,441,6180,1056,5.9,11,9,351,368,550,4308,32,2,7.5,203,482,1872,19,3.9,109,93,819,39,42.9,4.9,113.38,NWE,2016
Green Bay Packers,16,432,5900,1029,5.7,17,9,349,403,620,4199,40,8,6.4,222,374,1701,11,4.5,91,100,827,36,43.8,9.1,115.16,GNB,2016
Dallas Cowboys,16,421,6027,1010,6.0,15,9,358,325,483,3631,25,6,7.1,191,499,2396,24,4.8,142,105,879,25,43.9,8.7,86.3,DAL,2016
Arizona Cardinals,16,418,5868,1086,5.4,28,11,368,383,646,4136,28,17,6.0,229,399,1732,20,4.3,97,104,889,42,35.0,14.2,-25.79,ARI,2016
Oakland Raiders,16,416,5973,1048,5.7,14,7,333,379,596,4051,29,7,6.6,198,434,1922,17,4.4,98,147,1247,37,38.7,7.2,-24.48,OAK,2016
Indianapolis Colts,16,411,5830,1037,5.6,22,7,351,370,584,4202,32,15,6.7,220,409,1628,13,4.0,93,103,883,38,40.6,12.2,68.23,IND,2016
San Diego Chargers,16,410,5708,1014,5.6,35,14,340,349,580,4198,33,21,6.8,214,398,1510,10,3.8,90,107,780,36,38.1,18.2,-29.1,SDG,2016
Buffalo Bills,16,399,5666,1012,5.6,12,5,328,286,474,3036,17,7,5.8,155,492,2630,29,5.3,146,112,960,27,36.7,6.8,60.85,BUF,2016
Pittsburgh Steelers,16,399,5962,1026,5.8,18,3,336,381,596,4202,33,15,6.8,210,409,1760,13,4.3,97,112,1068,29,38.5,9.9,-22.48,PIT,2016
Washington Redskins,16,396,6454,1009,6.4,21,9,345,407,607,4758,25,12,7.6,226,379,1696,17,4.5,89,110,909,30,43.4,11.4,105.24,WAS,2016
Kansas City Chiefs,16,389,5488,990,5.5,17,9,305,365,546,3740,19,8,6.5,197,412,1748,15,4.2,86,109,848,22,37.1,9.0,-23.04,KAN,2016
Tennessee Titans,16,381,5728,1008,5.7,18,7,322,307,504,3541,29,11,6.7,175,476,2187,16,4.6,115,110,1012,32,36.4,9.8,-10.0,TEN,2016
Carolina Panthers,16,369,5499,1052,5.2,29,10,318,306,563,3685,21,19,6.2,194,453,1814,16,4.0,99,98,835,25,34.7,14.0,-81.23,CAR,2016
Philadelphia Eagles,16,367,5398,1080,5.0,20,6,333,380,609,3585,16,14,5.6,192,438,1813,16,4.1,114,113,945,27,37.6,11.2,-45.33,PHI,2016
Miami Dolphins,16,363,5324,913,5.8,23,8,278,316,477,3500,27,15,6.9,167,406,1824,14,4.5,90,125,1142,21,30.7,11.1,-48.39,MIA,2016
Seattle Seahawks,16,354,5715,1012,5.6,18,6,313,368,567,4124,23,12,6.8,203,403,1591,13,3.9,85,117,970,25,37.3,9.7,-11.48,SEA,2016
Tampa Bay Buccaneers,16,354,5542,1066,5.2,27,9,340,355,578,3926,29,18,6.4,220,453,1616,8,3.6,80,109,926,40,32.4,14.8,-33.29,TAM,2016
Detroit Lions,16,346,5421,981,5.5,15,5,329,388,594,4111,24,10,6.5,217,350,1310,9,3.7,76,100,861,36,41.0,9.0,30.86,DET,2016
Baltimore Ravens,16,343,5563,1079,5.2,23,7,316,439,679,4100,20,16,5.8,205,367,1463,10,4.0,79,125,1111,32,35.6,10.5,-86.39,BAL,2016
Denver Broncos,16,333,5169,1020,5.1,25,14,290,339,570,3685,20,11,6.0,181,410,1484,11,3.6,76,119,985,33,30.3,11.6,-94.99,DEN,2016
Minnesota Vikings,16,327,5041,1006,5.0,16,11,303,414,588,3836,20,5,6.1,209,380,1205,9,3.2,66,103,882,28,32.8,7.5,-60.91,MIN,2016
Cincinnati Bengals,16,325,5711,1050,5.4,17,9,341,364,563,3942,18,8,6.5,204,446,1769,17,4.0,100,88,726,37,35.8,8.5,30.41,CIN,2016
Jacksonville Jaguars,16,318,5359,1052,5.1,29,13,321,369,626,3728,24,16,5.6,207,392,1631,8,4.2,75,129,1187,39,31.4,13.6,-67.5,JAX,2016
New York Giants,16,310,5291,1018,5.2,27,11,289,377,598,3879,26,16,6.3,190,398,1412,6,3.5,73,88,857,26,27.5,13.0,-74.19,NYG,2016
San Francisco 49ers,16,309,4930,996,4.9,25,15,287,287,491,2911,21,10,5.4,152,458,2019,15,4.4,116,99,831,19,27.4,10.7,-75.71,SFO,2016
Houston Texans,16,279,5035,1071,4.7,24,8,305,347,583,3176,15,16,5.2,173,456,1859,8,4.1,102,87,868,30,31.4,11.4,-102.3,HOU,2016
Chicago Bears,16,279,5704,967,5.9,31,12,324,347,559,3969,19,19,6.8,212,380,1735,10,4.6,93,110,967,19,27.3,17.4,-70.06,CHI,2016
New York Jets,16,275,5268,1003,5.3,34,9,291,311,550,3466,16,25,5.9,166,418,1802,10,4.3,97,93,837,28,29.7,17.8,-79.69,NYJ,2016
Cleveland Browns,16,264,4976,983,5.1,25,11,296,338,567,3264,15,14,5.2,181,350,1712,13,4.9,83,95,736,32,27.2,13.3,-72.41,CLE,2016
Los Angeles Rams,16,224,4203,960,4.4,29,9,245,312,536,2951,14,20,5.0,151,375,1252,9,3.3,68,126,1091,26,21.8,14.5,-190.35,LAR,2016
Los Angeles Rams,16,478,5784,1000,5.8,21,14,311,320,518,3831,28,7,7.0,185,454,1953,17,4.3,97,107,922,29,45.3,9.5,-43.18,LAR,2017
New England Patriots,16,458,6307,1070,5.9,12,4,389,389,587,4418,32,8,7.1,232,448,1889,16,4.2,107,95,835,50,49.4,6.9,114.84,NWE,2017
Philadelphia Eagles,16,457,5852,1073,5.5,20,11,338,341,564,3737,38,9,6.2,193,473,2115,9,4.5,108,116,962,37,40.3,9.4,21.06,PHI,2017
New Orleans Saints,16,448,6259,1000,6.3,18,10,332,386,536,4189,23,8,7.5,201,444,2070,23,4.7,111,105,967,20,44.6,9.1,7.38,NOR,2017
Jacksonville Jaguars,16,417,5855,1078,5.4,23,10,332,316,527,3593,21,13,6.5,193,527,2262,18,4.3,101,112,936,38,34.7,11.1,-36.01,JAX,2017
Kansas City Chiefs,16,415,6007,985,6.1,11,3,322,363,543,4104,26,8,7.1,198,405,1903,12,4.7,95,118,1044,29,44.9,6.3,-22.58,KAN,2017
Detroit Lions,16,410,5404,980,5.5,22,11,296,374,570,4183,29,11,6.8,210,363,1221,10,3.4,58,104,968,28,37.3,11.9,-93.68,DET,2017
Pittsburgh Steelers,16,406,6047,1051,5.8,20,5,348,384,590,4380,29,15,7.1,217,437,1667,12,3.8,96,101,897,35,43.0,10.6,-32.55,PIT,2017
Baltimore Ravens,16,395,4886,1054,4.6,17,4,311,363,567,3030,20,13,5.1,168,460,1856,14,4.0,111,91,749,32,36.5,8.9,-132.06,BAL,2017
Minnesota Vikings,16,382,5710,1055,5.4,14,6,334,357,527,3753,25,8,6.8,196,501,1957,15,3.9,100,100,949,38,38.9,7.6,-54.08,MIN,2017
Seattle Seahawks,16,366,5286,1007,5.2,17,5,299,340,555,3657,34,12,6.1,183,409,1629,4,4.0,85,148,1342,31,30.5,8.6,-78.12,SEA,2017
Carolina Panthers,16,363,5179,1026,5.0,22,6,320,293,501,3077,22,16,5.7,167,490,2102,15,4.3,121,83,682,32,37.4,11.7,-100.34,CAR,2017
Los Angeles Chargers,16,355,6026,1020,5.9,15,4,337,366,583,4431,28,11,7.4,220,419,1595,10,3.8,84,108,927,33,33.3,8.5,-17.69,LAC,2017
Dallas Cowboys,16,354,5311,1005,5.3,22,9,314,309,493,3141,22,13,6.0,162,480,2170,18,4.5,127,97,939,25,36.3,11.1,-40.65,DAL,2017
Atlanta Falcons,16,353,5837,984,5.9,18,6,330,343,530,3990,21,12,7.2,200,430,1847,12,4.3,101,102,918,29,41.2,10.3,-46.05,ATL,2017
Washington Redskins,16,342,5199,982,5.3,27,14,278,347,540,3751,27,13,6.5,191,401,1448,10,3.6,66,92,733,21,31.9,12.6,-95.51,WAS,2017
Houston Texans,16,338,5120,1027,5.0,28,11,313,299,525,3278,28,17,5.7,180,448,1842,8,4.1,86,124,1050,47,29.2,14.6,-78.81,HOU,2017
Tampa Bay Buccaneers,16,335,5814,1035,5.6,27,13,352,378,605,4366,26,14,6.8,243,390,1448,8,3.7,76,104,795,33,33.7,15.4,-52.32,TAM,2017
Tennessee Titans,16,334,5024,974,5.2,25,8,290,306,496,3191,14,17,6.0,157,443,1833,18,4.1,97,85,785,36,35.1,12.6,-134.32,TEN,2017
San Francisco 49ers,16,331,5587,1058,5.3,23,8,321,362,607,3925,15,15,6.0,206,408,1662,15,4.1,88,123,988,27,37.5,12.0,-173.95,SFO,2017
Green Bay Packers,16,320,4891,999,4.9,25,7,307,352,562,3167,25,18,5.2,176,386,1724,13,4.5,99,96,789,32,30.5,13.2,-61.83,GNB,2017
Buffalo Bills,16,302,4842,1010,4.8,16,6,278,289,476,2825,16,10,5.4,149,487,2017,12,4.1,105,98,872,24,31.7,8.9,-156.16,BUF,2017
Oakland Raiders,16,301,5185,952,5.4,28,14,287,347,558,3631,23,14,6.2,178,370,1554,13,4.2,78,114,1009,31,29.2,15.2,-84.71,OAK,2017
New York Jets,16,298,4884,984,5.0,24,12,269,323,510,3182,19,12,5.7,157,427,1702,13,4.0,77,119,1035,35,28.6,11.1,-119.83,NYJ,2017
Arizona Cardinals,16,295,5026,1060,4.7,25,7,310,339,598,3640,21,18,5.6,200,410,1386,6,3.4,66,110,880,44,29.2,12.4,-185.97,ARI,2017
Cincinnati Bengals,16,290,4488,927,4.8,23,11,267,304,510,3122,25,12,5.7,165,377,1366,6,3.6,72,110,1027,30,26.5,11.4,-108.45,CIN,2017
Denver Broncos,16,289,5185,1075,4.8,34,12,297,332,566,3333,19,22,5.4,180,457,1852,8,4.1,92,113,885,25,26.4,16.6,-165.14,DEN,2017
Miami Dolphins,16,281,4923,995,4.9,29,8,284,373,602,3535,24,21,5.6,187,360,1388,4,3.9,66,137,1154,31,25.8,15.3,-156.17,MIA,2017
Chicago Bears,16,264,4599,934,4.9,22,10,266,291,473,2811,13,12,5.5,144,422,1788,13,4.2,92,115,943,30,24.1,12.1,-115.2,CHI,2017
Indianapolis Colts,16,263,4553,994,4.6,15,6,267,285,487,2892,13,9,5.3,148,451,1661,11,3.7,94,92,779,25,29.4,8.3,-189.77,IND,2017
New York Giants,16,246,5028,1036,4.9,22,8,271,373,608,3479,20,14,5.4,178,394,1549,6,3.9,66,91,895,27,22.7,11.3,-167.56,NYG,2017
Cleveland Browns,16,234,4942,1008,4.9,41,13,290,312,574,3228,15,28,5.2,157,384,1714,11,4.5,97,110,924,36,22.0,21.0,-233.13,CLE,2017
Kansas City Chiefs,16,565,6810,996,6.8,18,6,384,385,583,4955,50,12,8.1,239,387,1855,16,4.8,108,137,1152,37,52.6,10.5,298.14,KAN,2018
Los Angeles Rams,16,527,6738,1060,6.4,19,7,401,368,568,4507,32,12,7.5,236,459,2231,23,4.9,134,96,878,31,48.6,9.8,239.79,LAR,2018
New Orleans Saints,16,504,6067,1010,6.0,16,9,377,381,519,4042,33,7,7.5,210,471,2025,26,4.3,134,94,939,33,51.8,9.5,237.73,NOR,2018
New England Patriots,16,436,6295,1073,5.9,18,7,365,378,574,4258,29,11,7.2,206,478,2037,18,4.3,131,93,744,28,40.8,9.2,190.96,NWE,2018
Indianapolis Colts,16,433,6179,1070,5.8,24,9,371,432,644,4461,39,15,6.7,237,408,1718,13,4.2,96,120,953,38,41.2,13.2,140.47,IND,2018
Seattle Seahawks,16,428,5653,1012,5.6,11,4,329,280,427,3093,35,7,6.5,156,534,2560,15,4.8,133,111,959,40,39.8,6.1,128.78,SEA,2018
Los Angeles Chargers,16,428,5962,945,6.3,19,7,338,348,512,4089,32,12,7.5,213,399,1873,16,4.7,100,113,967,25,42.4,10.0,170.19,LAC,2018
Pittsburgh Steelers,16,428,6453,1058,6.1,26,9,378,459,689,5008,35,17,7.0,251,345,1445,16,4.2,88,111,1026,39,36.8,14.3,156.16,PIT,2018
Chicago Bears,16,421,5502,1013,5.4,24,10,331,344,512,3564,28,14,6.5,177,468,1938,16,4.1,108,97,796,46,36.8,13.2,96.31,CHI,2018
Atlanta Falcons,16,414,6226,1010,6.2,18,11,352,428,617,4653,36,7,7.1,238,351,1573,11,4.5,84,101,899,30,42.9,10.7,155.08,ATL,2018
Houston Texans,16,402,5802,1040,5.6,16,7,333,345,506,3781,26,9,6.7,202,472,2021,12,4.3,94,105,787,37,40.3,8.1,84.1,HOU,2018
Tampa Bay Buccaneers,16,396,6648,1055,6.3,35,9,388,408,625,5125,36,26,7.7,265,389,1523,11,3.9,80,117,975,43,37.0,19.0,121.14,TAM,2018
Baltimore Ravens,16,389,5999,1135,5.3,20,11,367,334,556,3558,18,9,6.1,184,547,2441,19,4.5,153,116,940,30,40.7,10.7,72.85,BAL,2018
Green Bay Packers,16,376,5905,1026,5.8,15,11,332,392,640,4238,25,4,6.1,208,333,1667,14,5.0,98,108,937,26,38.8,6.7,108.88,GNB,2018
Carolina Panthers,16,376,5972,1011,5.9,22,6,356,378,563,3836,28,16,6.4,212,416,2136,17,5.1,117,92,818,27,37.0,12.1,117.24,CAR,2018
New York Giants,16,369,5697,984,5.8,19,7,297,382,583,4047,23,12,6.4,208,354,1650,13,4.7,71,114,951,18,38.4,9.6,70.53,NYG,2018
Cincinnati Bengals,16,368,4972,938,5.3,17,4,304,331,542,3290,27,13,5.7,182,359,1682,13,4.7,92,114,957,30,35.5,9.6,47.57,CIN,2018
Philadelphia Eagles,16,367,5845,1037,5.6,23,12,346,422,599,4275,29,11,6.7,221,398,1570,12,3.9,94,100,852,31,38.1,12.5,91.97,PHI,2018
Minnesota Vikings,16,360,5529,1003,5.5,20,10,310,425,606,4036,30,10,6.2,218,357,1493,9,4.2,66,92,779,26,32.4,10.6,7.47,MIN,2018
Cleveland Browns,16,359,5900,1023,5.8,24,7,314,353,574,4007,29,17,6.5,189,411,1893,15,4.6,93,112,894,32,31.2,11.4,36.91,CLE,2018
San Francisco 49ers,16,342,5769,1003,5.8,32,12,344,331,532,3867,26,20,6.7,201,423,1902,7,4.5,98,112,982,45,37.0,17.1,20.95,SFO,2018
Dallas Cowboys,16,339,5501,1022,5.4,17,9,322,356,527,3538,22,8,6.1,184,439,1963,13,4.5,113,104,885,25,37.9,10.1,83.04,DAL,2018
New York Jets,16,333,4787,971,4.9,30,11,258,299,524,3165,18,19,5.6,157,410,1622,11,4.0,84,114,948,17,32.0,14.7,-97.45,NYJ,2018
Denver Broncos,16,329,5602,1015,5.5,21,6,320,367,588,3695,19,15,5.9,181,393,1907,18,4.9,107,125,985,32,30.6,11.3,24.23,DEN,2018
Detroit Lions,16,324,5236,1019,5.1,19,7,325,375,574,3576,22,12,5.8,201,404,1660,11,4.1,91,94,852,33,35.3,11.0,39.87,DET,2018
Miami Dolphins,16,319,4638,878,5.3,23,10,252,292,455,2900,26,13,5.7,153,371,1738,7,4.7,75,108,978,24,28.3,12.5,-40.39,MIA,2018
Tennessee Titans,16,310,5002,940,5.3,18,6,289,293,437,2975,16,12,6.1,156,456,2027,15,4.4,106,82,727,27,34.9,10.2,10.48,TEN,2018
Oakland Raiders,16,290,5379,995,5.4,24,14,300,382,556,3751,19,10,6.2,197,387,1628,9,4.2,86,110,965,17,31.3,13.6,-17.92,OAK,2018
Washington Redskins,16,281,4795,967,5.0,19,4,280,311,509,3021,16,15,5.5,156,414,1774,12,4.3,96,115,1008,28,31.8,11.2,-34.07,WAS,2018
Buffalo Bills,16,269,4778,1008,4.7,32,9,283,271,499,2794,13,23,5.2,137,468,1984,15,4.2,108,116,992,38,26.4,15.5,-104.81,BUF,2018
Jacksonville Jaguars,16,245,4832,1005,4.8,29,16,277,329,536,3109,15,13,5.3,164,416,1723,7,4.1,92,121,1112,21,25.0,15.6,-98.17,JAX,2018
Arizona Cardinals,16,225,3865,902,4.3,28,10,239,283,495,2523,15,18,4.6,137,355,1342,9,3.8,76,101,786,26,19.3,15.0,-155.06,ARI,2018
Baltimore Ravens,16,531,6521,1064,6.1,15,7,386,289,440,3225,37,8,6.9,171,596,3296,21,5.5,188,109,867,27,51.8,8.4,239.99,BAL,2019
San Francisco 49ers,16,479,6097,1012,6.0,23,10,336,331,478,3792,28,13,7.4,195,498,2305,23,4.6,110,105,939,31,44.3,12.0,140.39,SFO,2019
Tampa Bay Buccaneers,16,458,6366,1086,5.9,41,11,353,382,630,4845,33,30,7.2,244,409,1521,15,3.7,81,133,1111,28,37.9,20.2,37.0,TAM,2019
New Orleans Saints,16,458,5982,1011,5.9,8,2,347,418,581,4244,36,6,7.0,230,405,1738,12,4.3,97,120,1036,20,46.2,4.0,163.04,NOR,2019
Kansas City Chiefs,16,451,6067,976,6.2,15,10,350,378,576,4498,30,5,7.5,211,375,1569,16,4.2,93,107,1029,46,48.8,7.9,263.38,KAN,2019
Dallas Cowboys,16,434,6904,1069,6.5,18,7,379,388,597,4751,30,11,7.7,229,449,2153,18,4.8,120,109,1008,30,44.6,10.3,210.77,DAL,2019
New England Patriots,16,420,5664,1095,5.2,15,6,338,378,620,3961,25,9,6.1,197,447,1703,17,3.8,110,94,828,31,36.3,7.4,34.62,NWE,2019
Minnesota Vikings,16,407,5656,970,5.8,20,12,314,319,466,3523,26,8,7.1,171,476,2133,19,4.5,106,96,895,37,41.6,10.4,98.01,MIN,2019
Seattle Seahawks,16,405,5991,1046,5.7,20,14,341,341,517,3791,31,6,6.7,190,481,2200,15,4.6,121,109,882,30,36.5,10.6,86.55,SEA,2019
Tennessee Titans,16,402,5805,949,6.1,17,9,317,297,448,3582,29,8,7.1,177,445,2223,21,5.0,104,99,932,36,31.4,8.6,115.88,TEN,2019
Los Angeles Rams,16,394,5998,1055,5.7,24,7,342,397,632,4499,22,17,6.9,222,401,1499,20,3.7,92,118,899,28,35.7,13.0,37.09,LAR,2019
Philadelphia Eagles,16,385,5772,1104,5.2,23,15,354,391,613,3833,27,8,5.9,215,454,1939,16,4.3,104,100,836,35,34.8,10.7,59.85,PHI,2019
Atlanta Falcons,16,381,6075,1096,5.5,25,10,383,459,684,4714,29,15,6.4,258,362,1361,10,3.8,84,119,956,41,40.8,13.2,95.51,ATL,2019
Houston Texans,16,378,5792,1017,5.7,22,8,346,355,534,3783,27,14,6.5,203,434,2009,17,4.6,112,111,892,31,37.9,12.4,118.67,HOU,2019
Green Bay Packers,16,376,5528,1020,5.4,13,9,320,356,573,3733,26,4,6.1,190,411,1795,18,4.4,90,100,774,40,37.3,6.8,113.4,GNB,2019
Arizona Cardinals,16,361,5467,1000,5.5,18,6,314,355,554,3477,20,12,5.8,176,396,1990,18,5.0,109,121,956,29,38.8,10.1,64.36,ARI,2019
Indianapolis Colts,16,361,5238,1016,5.2,21,11,340,307,513,3108,22,10,5.7,165,471,2130,17,4.5,131,79,670,44,36.3,11.3,74.8,IND,2019
Detroit Lions,16,341,5549,1021,5.4,23,8,313,344,571,3900,28,15,6.4,196,407,1649,7,4.1,82,113,937,35,33.3,12.0,31.07,DET,2019
New York Giants,16,341,5416,1012,5.4,33,16,311,376,607,3731,30,17,5.7,187,362,1685,11,4.7,89,90,784,35,28.6,17.8,-10.3,NYG,2019
Carolina Panthers,16,340,5469,1077,5.1,35,14,335,382,633,3650,17,21,5.3,230,386,1819,20,4.7,82,87,754,23,32.3,16.7,-28.07,CAR,2019
Los Angeles Chargers,16,337,5879,997,5.9,31,11,349,394,597,4426,24,20,7.0,220,366,1453,12,4.0,90,103,872,39,38.8,18.1,82.43,LAC,2019
Cleveland Browns,16,335,5455,973,5.6,28,7,305,318,539,3554,22,21,6.1,180,393,1901,15,4.8,90,122,1106,35,33.9,14.8,13.54,CLE,2019
Buffalo Bills,16,314,5283,1018,5.2,19,7,314,299,513,3229,21,12,5.8,162,465,2054,13,4.4,120,117,927,32,30.1,10.2,6.66,BUF,2019
Oakland Raiders,16,313,5819,989,5.9,17,9,315,367,523,3926,22,8,7.1,194,437,1893,13,4.3,104,128,1138,17,32.7,9.7,79.57,OAK,2019
Miami Dolphins,16,306,4960,1022,4.9,26,8,315,371,615,3804,22,18,5.7,210,349,1156,10,3.3,64,92,769,41,30.2,13.7,-28.85,MIA,2019
Jacksonville Jaguars,16,300,5468,1020,5.4,20,12,298,364,589,3760,24,8,6.0,183,389,1708,3,4.4,85,132,1165,30,33.9,10.2,-23.15,JAX,2019
Pittsburgh Steelers,16,289,4428,937,4.7,30,11,265,315,510,2981,18,19,5.5,147,395,1447,7,3.7,75,111,893,43,28.9,16.0,-85.56,PIT,2019
Denver Broncos,16,282,4777,954,5.0,16,6,279,312,504,3115,16,10,5.7,162,409,1662,11,4.1,77,110,912,40,32.4,9.2,-14.61,DEN,2019
Chicago Bears,16,280,4749,1020,4.7,19,7,297,371,580,3291,20,12,5.3,178,395,1458,8,3.7,85,103,838,34,29.1,10.3,-41.05,CHI,2019
Cincinnati Bengals,16,279,5169,1049,4.9,30,14,312,356,616,3652,18,16,5.5,191,385,1517,9,3.9,85,93,761,36,29.8,15.5,-60.73,CIN,2019
New York Jets,16,276,4368,956,4.6,25,9,253,323,521,3111,19,16,5.4,162,383,1257,6,3.3,61,115,1105,30,23.3,11.6,-112.92,NYJ,2019
Washington Redskins,16,266,4395,885,5.0,21,8,248,298,479,2812,18,13,5.3,154,356,1583,9,4.4,74,106,835,20,29.5,11.9,-88.3,WAS,2019
Green Bay Packers,16,509,6224,990,6.3,11,6,358,372,526,4106,48,5,7.5,216,443,2118,16,4.8,114,84,684,28,49.7,5.6,290.75,GNB,2020
Buffalo Bills,16,501,6343,1034,6.1,22,11,397,410,596,4620,40,11,7.4,240,411,1723,16,4.2,119,102,941,38,49.4,11.8,228.66,BUF,2020
Tampa Bay Buccaneers,16,492,6145,1017,6.0,17,5,364,410,626,4626,42,12,7.1,238,369,1519,16,4.1,82,84,715,44,47.8,8.9,246.24,TAM,2020
Tennessee Titans,16,491,6343,1031,6.2,12,5,381,316,485,3653,33,7,7.2,203,521,2690,26,5.2,142,86,783,36,47.9,7.2,245.01,TEN,2020
New Orleans Saints,16,482,6023,1045,5.8,17,9,367,370,522,3758,28,8,6.8,199,494,2265,30,4.6,147,98,1005,21,45.5,9.0,176.94,NOR,2020
Kansas City Chiefs,16,473,6653,1057,6.3,16,9,397,420,630,4854,40,7,7.4,255,403,1799,13,4.5,110,105,919,32,47.9,9.2,280.82,KAN,2020
Baltimore Ravens,16,468,5810,993,5.9,18,7,327,257,406,2739,27,11,6.3,142,555,3071,24,5.5,166,104,961,19,45.3,10.6,148.3,BAL,2020
Seattle Seahawks,16,459,5912,1022,5.8,18,5,356,388,563,3941,40,13,6.5,216,411,1971,15,4.8,111,84,662,29,44.4,10.1,129.24,SEA,2020
Indianapolis Colts,16,451,6049,1032,5.9,15,4,364,371,552,4053,24,11,7.1,201,459,1996,20,4.3,129,94,899,34,44.4,8.8,168.41,IND,2020
Las Vegas Raiders,16,434,6133,1036,5.9,26,16,359,369,551,4217,28,10,7.3,206,457,1916,20,4.2,121,98,856,32,47.9,14.8,147.62,LVR,2020
Minnesota Vikings,16,430,6292,1023,6.2,23,10,383,349,516,4009,35,13,7.2,212,468,2283,20,4.9,139,82,650,32,39.8,12.5,157.7,MIN,2020
Pittsburgh Steelers,16,416,5354,1043,5.1,18,7,322,428,656,4003,35,11,6.0,206,373,1351,12,3.6,81,81,691,35,37.2,8.5,78.22,PIT,2020
Arizona Cardinals,16,410,6153,1083,5.7,21,8,381,387,575,3916,27,13,6.5,211,479,2237,22,4.7,136,113,868,34,40.2,11.7,103.62,ARI,2020
Cleveland Browns,16,408,5913,1022,5.8,16,8,355,315,501,3539,27,8,6.7,195,495,2374,21,4.8,133,100,870,27,40.6,9.7,159.48,CLE,2020
Miami Dolphins,16,404,5424,1021,5.3,20,7,345,370,559,3736,24,13,6.3,207,428,1688,15,3.9,100,74,635,38,41.4,11.0,61.96,MIA,2020
Atlanta Falcons,16,396,5895,1078,5.5,18,7,366,408,628,4363,27,11,6.5,243,409,1532,13,3.7,86,83,736,37,44.8,10.3,129.77,ATL,2020
Dallas Cowboys,16,395,5949,1113,5.3,26,13,371,413,639,4161,25,13,6.1,231,430,1788,14,4.2,115,96,849,25,40.6,14.4,58.97,DAL,2020
Houston Texans,16,384,6004,940,6.4,18,11,326,383,546,4538,33,7,7.6,222,344,1466,10,4.3,83,80,619,21,42.9,9.8,140.22,HOU,2020
Los Angeles Chargers,16,384,6113,1127,5.4,16,6,373,413,627,4329,31,10,6.5,226,466,1784,12,3.8,111,85,710,36,38.3,8.6,129.6,LAC,2020
Detroit Lions,16,377,5603,991,5.7,21,8,350,374,582,4104,27,13,6.6,220,367,1499,17,4.1,93,95,860,37,38.5,11.2,94.78,DET,2020
San Francisco 49ers,16,376,5922,1046,5.7,31,14,350,371,570,4033,25,17,6.6,217,437,1889,19,4.3,101,85,731,32,36.3,14.8,55.7,SFO,2020
Los Angeles Rams,16,372,6032,1088,5.5,25,11,352,392,590,4014,20,14,6.5,206,473,2018,19,4.3,123,71,655,23,34.2,12.5,57.24,LAR,2020
Chicago Bears,16,372,5302,1043,5.1,22,6,335,402,614,3655,26,16,5.6,218,393,1647,12,4.2,93,88,777,24,38.9,12.0,34.92,CHI,2020
Carolina Panthers,16,350,5592,993,5.6,21,5,335,373,550,3888,16,16,6.6,192,407,1704,19,4.2,110,95,752,33,40.3,13.2,81.2,CAR,2020
Washington Football Team,16,335,5076,1051,4.8,27,11,322,389,601,3465,16,16,5.3,184,400,1611,18,4.0,108,87,697,30,33.3,13.1,-10.43,WAS,2020
Philadelphia Eagles,16,334,5354,1066,5.0,29,9,336,334,598,3327,22,20,5.0,177,403,2027,16,5.0,114,107,853,45,27.9,15.3,-13.65,PHI,2020
New England Patriots,16,326,5236,979,5.3,19,5,332,283,440,2890,12,14,6.1,157,502,2346,20,4.7,143,62,534,32,36.9,12.1,55.88,NWE,2020
Denver Broncos,16,323,5369,1030,5.2,32,9,308,317,556,3451,21,23,5.9,176,442,1918,13,4.3,94,81,670,38,33.0,17.0,-21.82,DEN,2020
Cincinnati Bengals,16,311,5116,1040,4.9,24,13,318,372,581,3448,19,11,5.5,201,411,1668,13,4.1,92,83,675,25,33.0,12.8,-5.13,CIN,2020
Jacksonville Jaguars,16,306,5218,997,5.2,25,9,310,387,616,3699,25,16,5.6,205,337,1519,9,4.5,80,107,1071,25,30.4,14.0,-6.12,JAX,2020
New York Giants,16,280,4794,966,5.0,22,11,297,321,517,3026,12,11,5.3,178,399,1768,13,4.4,91,81,634,28,33.5,12.6,-26.79,NYG,2020
New York Jets,16,243,4479,948,4.7,19,5,269,292,499,2796,16,14,5.2,146,406,1683,9,4.1,94,101,952,29,26.3,10.9,-59.07,NYJ,2020
Dallas Cowboys,17,530,6919,1153,6.0,20,9,390,444,647,4800,40,11,7.1,248,473,2119,15,4.5,111,127,1103,31,43.8,9.9,158.06,DAL,2021
Tampa Bay Buccaneers,17,511,6901,1139,6.1,19,7,404,492,731,5229,43,12,6.9,273,385,1672,18,4.3,106,97,874,25,44.3,9.8,216.14,TAM,2021
Buffalo Bills,17,483,6493,1143,5.7,22,6,398,415,655,4284,36,16,6.3,236,461,2209,20,4.8,134,113,980,28,45.2,11.3,216.68,BUF,2021
Kansas City Chiefs,17,480,6746,1134,5.9,25,12,419,448,675,4791,37,13,6.8,267,431,1955,16,4.5,119,111,925,33,48.2,13.7,261.77,KAN,2021
Los Angeles Chargers,17,474,6634,1128,5.9,22,7,401,443,674,4800,38,15,6.8,256,423,1834,18,4.3,112,116,1033,33,45.7,12.0,164.91,LAC,2021
New England Patriots,17,462,6008,1052,5.7,23,10,362,364,535,3857,24,13,6.9,187,489,2151,24,4.4,139,95,854,36,48.0,12.6,126.97,NWE,2021
Cincinnati Bengals,17,460,6145,1046,5.9,21,7,337,384,555,4403,36,14,7.2,208,436,1742,16,4.0,96,72,620,33,42.6,10.0,118.5,CIN,2021
Los Angeles Rams,17,460,6325,1058,6.0,23,5,355,406,607,4642,41,18,7.3,233,420,1683,10,4.0,99,76,637,23,45.9,12.2,161.53,LAR,2021
Indianapolis Colts,17,451,5901,1052,5.6,19,11,354,324,521,3361,27,8,6.1,167,499,2540,22,5.1,154,76,688,33,43.3,8.9,127.06,IND,2021
Green Bay Packers,17,450,6215,1072,5.8,13,6,375,402,593,4315,39,7,6.9,235,446,1900,13,4.3,109,69,678,31,44.5,6.4,180.42,GNB,2021
Arizona Cardinals,17,449,6352,1126,5.6,15,4,367,415,591,4276,27,11,6.8,214,496,2076,23,4.2,127,114,990,26,44.7,7.8,119.94,ARI,2021
Philadelphia Eagles,17,444,6119,1075,5.7,16,6,352,307,494,3404,20,10,6.5,167,550,2715,25,4.9,163,107,842,22,43.4,9.2,113.05,PHI,2021
San Francisco 49ers,17,427,6387,1046,6.1,24,10,361,343,514,4221,26,14,7.7,200,499,2166,22,4.3,130,102,1066,31,41.2,11.5,130.03,SFO,2021
Minnesota Vikings,17,425,6168,1083,5.7,13,6,332,398,604,4238,34,7,6.7,202,449,1930,10,4.3,103,111,1043,27,39.3,6.6,72.05,MIN,2021
Tennessee Titans,17,419,5822,1133,5.1,25,11,362,359,535,3418,22,14,5.9,194,551,2404,23,4.4,134,103,973,34,38.9,13.0,79.19,TEN,2021
Seattle Seahawks,17,395,5506,954,5.8,13,6,302,324,495,3432,30,7,6.3,166,413,2074,18,5.0,106,97,803,30,34.8,7.0,101.56,SEA,2021
Baltimore Ravens,17,387,6440,1185,5.4,26,8,394,396,611,3961,21,18,5.9,209,517,2479,18,4.8,159,102,852,26,38.5,13.3,59.67,BAL,2021
Las Vegas Raiders,17,374,6184,1082,5.7,24,10,349,429,628,4567,23,14,6.8,217,414,1617,14,3.9,95,124,1104,37,41.0,12.8,77.89,LVR,2021
New Orleans Saints,17,364,5177,1051,4.9,18,5,307,293,504,3186,29,13,5.9,165,510,1991,12,3.9,113,98,811,29,33.7,8.7,-11.97,NOR,2021
Cleveland Browns,17,349,5791,1054,5.5,22,8,342,320,520,3320,21,14,5.8,177,485,2471,20,5.1,138,112,1035,27,32.2,12.4,58.49,CLE,2021
Pittsburgh Steelers,17,343,5361,1113,4.8,20,9,323,425,664,3778,23,11,5.4,204,411,1583,10,3.9,85,106,831,34,34.7,9.5,-14.49,PIT,2021
Miami Dolphins,17,341,5219,1097,4.8,26,12,325,404,615,3651,21,14,5.6,206,442,1568,12,3.5,87,105,825,32,30.1,12.4,-11.96,MIA,2021
Denver Broncos,17,335,5618,1036,5.4,18,9,331,354,541,3593,20,9,6.2,179,455,2025,16,4.5,124,83,711,28,36.9,9.5,61.32,DEN,2021
Washington Football Team,17,335,5502,1070,5.1,24,9,345,356,550,3441,21,15,5.8,181,477,2061,13,4.3,129,82,743,35,34.6,13.4,15.8,WAS,2021
Detroit Lions,17,325,5484,1056,5.2,23,9,329,396,593,3598,23,14,5.7,193,427,1886,12,4.4,104,105,824,32,34.3,12.9,6.87,DET,2021
Atlanta Falcons,17,313,5164,1006,5.1,26,11,306,377,573,3713,20,15,6.1,196,393,1451,11,3.7,75,92,753,35,32.8,14.7,-18.38,ATL,2021
Chicago Bears,17,311,5225,1075,4.9,29,9,333,332,542,3207,16,20,5.3,180,475,2018,14,4.2,119,106,919,34,31.5,15.2,-40.89,CHI,2021
New York Jets,17,310,5208,1036,5.0,27,7,310,357,603,3541,20,20,5.4,195,380,1667,14,4.4,87,103,860,28,29.4,14.4,-32.71,NYJ,2021
Carolina Panthers,17,304,5081,1106,4.6,29,8,322,348,599,3239,14,21,5.0,174,455,1842,17,4.0,118,107,864,30,29.2,14.9,-92.1,CAR,2021
Houston Texans,17,280,4727,1010,4.7,22,7,266,354,546,3305,21,15,5.6,162,420,1422,8,3.4,77,114,978,27,26.6,11.2,-74.29,HOU,2021
New York Giants,17,258,4884,1050,4.7,30,10,299,351,593,3196,15,20,5.1,171,419,1688,8,4.0,90,88,674,38,27.5,15.9,-100.13,NYG,2021
Jacksonville Jaguars,17,253,5191,1028,5.0,29,12,304,361,604,3436,12,17,5.4,178,392,1755,13,4.5,92,104,856,34,26.4,15.7,-42.52,JAX,2021
Kansas City Chiefs,17,496,7032,1094,6.4,23,11,408,435,651,5062,41,12,7.5,272,417,1970,18,4.7,105,87,838,31,46.4,10.1,281.0,KAN,2022
Philadelphia Eagles,17,477,6614,1124,5.9,19,10,385,350,536,4105,25,9,7.1,195,544,2509,32,4.6,161,90,682,29,42.5,10.2,226.96,PHI,2022
Dallas Cowboys,17,467,6034,1114,5.4,23,5,347,355,556,3736,28,18,6.4,194,531,2298,24,4.3,129,104,842,24,41.5,10.8,112.34,DAL,2022
Buffalo Bills,16,455,6361,1037,6.1,27,13,367,361,574,4129,35,14,6.8,212,430,2232,15,5.2,128,92,709,27,45.0,15.2,157.46,BUF,2022
Detroit Lions,17,453,6460,1092,5.9,15,8,376,383,588,4281,29,7,7.0,228,480,2179,23,4.5,114,90,773,34,43.2,8.0,162.04,DET,2022
San Francisco 49ers,17,450,6216,1047,5.9,17,8,347,338,512,3856,30,9,7.1,188,504,2360,20,4.7,132,94,730,27,41.4,9.1,161.29,SFO,2022
Minnesota Vikings,17,424,6145,1123,5.5,23,8,382,448,672,4484,30,15,6.2,244,404,1661,18,4.1,93,88,684,45,36.0,11.7,89.64,MIN,2022
Cincinnati Bengals,16,418,5768,1053,5.5,18,6,357,418,610,4240,35,12,6.5,221,399,1528,14,3.8,96,81,623,40,41.5,9.7,147.62,CIN,2022
Seattle Seahawks,17,407,5976,1044,5.7,23,11,346,399,573,3934,30,12,6.4,206,425,2042,12,4.8,106,106,854,34,40.6,11.2,63.6,SEA,2022
Jacksonville Jaguars,17,404,6075,1072,5.7,22,13,352,394,596,3959,25,9,6.3,208,448,2116,16,4.7,114,90,674,30,39.2,12.2,103.21,JAX,2022
Miami Dolphins,17,397,6197,1009,6.1,21,6,342,368,584,4511,30,15,7.3,220,390,1686,12,4.3,93,111,881,29,38.8,11.8,79.06,MIA,2022
Las Vegas Raiders,17,395,5993,1049,5.7,21,4,343,359,586,3934,28,17,6.3,193,428,2059,12,4.8,122,113,932,28,42.4,12.2,74.09,LVR,2022
Los Angeles Chargers,17,391,6108,1154,5.3,19,9,352,485,711,4584,26,10,6.1,232,404,1524,15,3.8,93,81,635,27,38.1,9.5,75.75,LAC,2022
Green Bay Packers,17,370,5745,1051,5.5,22,10,334,364,563,3632,27,12,6.1,186,456,2113,12,4.6,116,89,747,32,36.2,11.3,68.9,GNB,2022
Atlanta Falcons,17,365,5417,1011,5.4,21,12,330,257,415,2699,17,9,6.0,148,559,2718,17,4.9,152,68,594,30,39.5,11.4,73.69,ATL,2022
New York Giants,17,365,5676,1089,5.2,16,10,352,346,520,3157,17,6,5.5,170,520,2519,21,4.8,150,106,827,32,37.3,7.3,78.05,NYG,2022
New England Patriots,17,364,5348,1006,5.3,23,9,288,358,540,3536,19,14,6.1,166,425,1812,12,4.3,98,104,841,24,32.8,12.0,-25.81,NWE,2022
Cleveland Browns,17,361,5934,1116,5.3,21,9,350,335,540,3444,19,12,5.9,182,532,2490,19,4.7,142,102,865,26,34.6,11.2,58.03,CLE,2022
Baltimore Ravens,17,350,5760,1052,5.5,21,8,337,300,488,3040,19,13,5.8,149,526,2720,14,5.2,167,82,678,21,38.9,11.7,48.17,BAL,2022
Carolina Panthers,17,347,5206,976,5.3,21,8,281,267,457,2996,16,13,6.1,138,483,2210,16,4.6,119,104,862,24,35.3,9.6,-5.06,CAR,2022
Arizona Cardinals,17,340,5499,1144,4.8,25,8,326,433,664,3626,17,17,5.1,189,434,1873,15,4.3,115,118,916,22,32.1,12.8,-36.27,ARI,2022
New Orleans Saints,17,330,5674,1015,5.6,25,11,305,338,512,3692,24,14,6.7,181,465,1982,12,4.3,103,99,841,21,31.7,12.9,17.3,NOR,2022
Chicago Bears,17,326,5233,993,5.3,25,10,278,223,377,2219,19,15,5.1,109,558,3014,18,5.4,148,80,754,21,34.3,12.7,-7.14,CHI,2022
Washington Commanders,17,321,5615,1140,4.9,23,7,339,344,554,3472,24,16,5.8,184,538,2143,9,4.0,124,92,805,31,29.4,11.7,-24.27,,2022
Tampa Bay Buccaneers,17,313,5894,1159,5.1,22,12,346,499,751,4586,26,10,5.9,240,386,1308,5,3.4,79,99,793,27,32.0,10.3,1.03,TAM,2022
Pittsburgh Steelers,17,308,5484,1109,4.9,19,5,345,364,571,3411,12,14,5.6,189,500,2073,16,4.1,129,94,711,27,35.0,9.6,42.17,PIT,2022
Los Angeles Rams,17,307,4769,1001,4.8,23,8,293,347,531,3108,16,15,5.3,181,411,1661,15,4.0,89,76,655,23,33.5,13.1,-7.51,LAR,2022
Tennessee Titans,17,298,5045,992,5.1,23,12,277,285,456,2914,16,11,5.8,153,487,2131,16,4.4,104,111,956,20,27.9,10.5,-27.22,TEN,2022
New York Jets,17,296,5409,1074,5.0,23,9,294,357,627,3723,15,14,5.6,191,405,1686,13,4.2,79,91,866,24,29.9,11.9,-47.59,NYJ,2022
Houston Texans,17,289,4820,1015,4.7,28,9,277,352,579,3344,20,19,5.4,159,398,1476,7,3.7,90,88,644,28,28.8,13.6,-120.59,HOU,2022
Indianapolis Colts,17,289,5298,1103,4.8,34,14,310,398,604,3432,17,20,5.2,193,439,1866,8,4.3,91,89,794,26,29.2,16.9,-110.46,IND,2022
Denver Broncos,17,287,5527,1078,5.1,24,9,300,345,571,3592,18,15,5.7,166,444,1935,11,4.4,105,113,970,29,28.6,10.6,-41.62,DEN,2022
Dallas Cowboys,17,509,6317,1122,5.6,16,6,385,428,614,4397,36,10,6.7,229,468,1920,14,4.1,113,115,964,43,50.3,8.9,192.72,DAL,2023
Miami Dolphins,17,496,6822,1053,6.5,25,10,360,393,566,4514,30,15,7.6,223,456,2308,27,5.1,113,97,767,24,43.5,13.4,128.9,MIA,2023
San Francisco 49ers,17,491,6773,1024,6.6,18,6,383,336,491,4384,33,12,8.4,207,499,2389,27,4.8,147,101,933,29,45.3,10.1,268.6,SFO,2023
Baltimore Ravens,17,483,6296,1076,5.9,19,12,360,328,494,3635,27,7,6.8,180,541,2661,26,4.9,145,102,955,35,43.1,9.6,138.81,BAL,2023
Detroit Lions,17,461,6712,1137,5.9,23,11,375,408,606,4401,30,12,6.9,228,500,2311,27,4.6,124,97,843,23,40.6,11.8,191.13,DET,2023
Buffalo Bills,17,451,6366,1115,5.7,28,10,381,385,579,4154,29,18,6.9,199,512,2212,22,4.3,158,106,883,24,41.4,14.9,197.57,BUF,2023
Philadelphia Eagles,17,433,6024,1112,5.4,28,12,377,369,563,3834,24,16,6.4,197,510,2190,22,4.3,149,95,785,31,42.9,15.3,100.97,PHI,2023
Los Angeles Rams,17,404,6108,1094,5.6,18,5,351,361,583,4063,26,13,6.6,206,477,2045,18,4.3,110,89,720,35,41.1,9.2,133.32,LAR,2023
New Orleans Saints,17,402,5732,1121,5.1,18,7,337,406,606,3990,28,11,6.2,199,480,1742,13,3.6,112,96,846,26,36.6,8.2,46.88,NOR,2023
Indianapolis Colts,17,396,5725,1094,5.2,22,12,324,355,574,3666,18,10,6.0,178,479,2059,19,4.3,113,95,685,33,35.7,9.2,30.12,IND,2023
Cleveland Browns,17,396,5710,1187,4.8,37,14,325,355,624,3693,24,23,5.5,173,518,2017,15,3.9,121,115,897,31,32.9,16.2,-110.55,CLE,2023
Green Bay Packers,17,383,5873,1052,5.6,18,7,338,374,581,3968,32,11,6.5,211,441,1905,10,4.3,101,105,856,26,39.7,9.2,156.77,GNB,2023
Houston Texans,17,377,5820,1083,5.4,14,6,329,372,592,4173,27,8,6.5,215,444,1647,10,3.7,84,114,937,30,37.2,7.3,44.11,HOU,2023
Jacksonville Jaguars,17,377,5772,1114,5.2,30,16,336,412,620,4126,22,14,6.2,199,453,1646,17,3.6,98,83,644,39,35.4,14.9,13.64,JAX,2023
Kansas City Chiefs,17,371,5972,1080,5.5,28,11,350,421,635,4188,28,17,6.3,216,417,1784,9,4.3,107,96,845,27,39.3,14.6,87.96,KAN,2023
Cincinnati Bengals,17,366,5422,1048,5.2,16,2,329,420,615,3895,27,14,5.9,208,383,1527,12,4.0,90,76,614,31,34.6,8.5,41.53,CIN,2023
Seattle Seahawks,17,364,5490,995,5.5,17,5,317,371,575,3910,23,12,6.4,189,382,1580,11,4.1,93,111,954,35,38.8,8.4,62.33,SEA,2023
Chicago Bears,17,360,5495,1097,5.0,25,10,322,321,513,3096,19,15,5.5,169,534,2399,16,4.5,137,99,853,16,38.0,13.0,-10.73,CHI,2023
Denver Broncos,17,357,5072,1016,5.0,22,13,301,337,513,3262,28,9,5.8,154,451,1810,8,4.0,116,99,749,31,34.9,10.6,7.68,DEN,2023
Tampa Bay Buccaneers,17,348,5321,1047,5.1,18,8,300,364,568,3812,28,10,6.3,188,439,1509,8,3.4,79,100,751,33,35.5,9.8,57.3,TAM,2023
Los Angeles Chargers,17,346,5599,1106,5.1,21,13,319,409,632,3957,24,8,5.9,204,431,1642,11,3.8,89,79,725,26,34.7,10.5,-5.38,LAC,2023
Minnesota Vikings,17,344,5912,1071,5.5,34,15,340,424,631,4359,30,19,6.4,220,393,1553,7,4.0,79,89,670,41,34.1,18.4,42.62,MIN,2023
Las Vegas Raiders,17,332,4922,1010,4.9,24,6,292,348,557,3380,20,18,5.7,182,413,1542,11,3.7,83,75,629,27,31.8,13.4,-27.95,LVR,2023
Arizona Cardinals,17,330,5509,1068,5.2,18,6,330,355,555,3144,18,12,5.3,173,471,2365,17,5.0,127,101,859,30,35.0,9.4,-2.99,ARI,2023
Washington Commanders,17,329,5317,1060,5.0,32,11,321,407,636,3725,24,21,5.3,190,359,1592,14,4.4,99,87,701,32,29.4,15.2,-29.99,,2023
Atlanta Falcons,17,321,5683,1092,5.2,28,11,326,327,530,3524,17,17,6.2,181,522,2159,14,4.1,121,84,743,24,32.1,14.3,-32.52,ATL,2023
Tennessee Titans,17,305,4913,1002,4.9,20,9,298,304,494,3067,14,11,5.5,158,444,1846,16,4.2,103,110,882,37,32.6,9.4,3.82,TEN,2023
Pittsburgh Steelers,17,304,5173,1029,5.0,16,7,287,323,506,3163,13,9,5.8,153,487,2010,16,4.1,115,86,753,19,29.9,7.7,-16.68,PIT,2023
New York Jets,17,268,4566,1053,4.3,33,18,260,356,601,2919,11,15,4.4,156,388,1647,7,4.2,77,124,945,27,26.0,13.9,-199.77,NYJ,2023
New York Giants,17,266,4760,1057,4.5,19,7,267,338,518,2886,15,12,4.8,141,454,1874,10,4.1,97,89,711,29,23.6,8.5,-130.06,NYG,2023
New England Patriots,17,236,4696,1020,4.6,29,8,261,351,557,3069,16,21,5.1,153,415,1627,9,3.9,93,89,676,15,20.2,14.3,-157.57,NWE,2023
Carolina Panthers,17,236,4510,1096,4.1,20,10,297,350,586,2741,13,10,4.2,150,445,1769,7,4.0,111,103,845,36,25.0,11.1,-135.03,CAR,2023
