Player,Age,G,GS,Cmp,Att,CmpPct,Yds,TD,TDPct,Int,IntPct,Pass_1D,SuccPct,Lng,YperA,AYperA,YperC,YperG,Rate,QBR,Sk,Sack_Yds,SkPct,NYperA,ANYperA,FourthQC,GWD,Rush_Att,Rush_Yds,Rush_TD,Rush_1D,Rush_SuccPct,Rush_Lng,Rush_YperA,Rush_YperG,Fmb,ProBowl,AllPro,WinPct,FntsyPnts,FntsyPnts_y
Aaron Rodgers,31.0,13.67,13.67,293.67,460.67,64.3,3579.33,28.67,6.2,6.33,1.5,168.67,48.53,76.0,7.93,8.53,12.3,264.8,103.27,66.47,31.67,201.67,6.43,7.04,7.58,1.33,1.33,43.67,244.33,1.0,17.67,52.13,18.33,5.4,17.2,7.33,0.67,0.33,0.68,260.94,368.02
Alex Smith,30.0,15.33,15.33,306.0,480.67,63.73,3354.67,20.33,4.23,6.67,1.4,167.33,44.1,73.67,6.97,7.2,11.0,218.83,92.63,52.7,43.0,224.67,8.2,5.98,6.19,1.67,1.67,69.67,394.33,1.33,24.33,48.5,33.33,5.6,25.57,5.0,0.33,0.0,0.65,239.62,213.48000000000002
Andrew Luck,25.0,13.0,13.0,295.0,493.0,59.07,3488.0,26.0,5.2,12.33,2.77,172.0,44.93,80.0,6.93,6.77,11.73,268.4,86.13,60.07,24.67,158.67,4.8,6.31,6.13,1.67,2.0,53.33,282.0,2.33,18.67,52.8,24.67,5.4,22.9,7.33,0.67,0.0,0.55,246.39,301.70000000000005
Andy Dalton,27.0,15.0,15.0,309.0,484.33,64.07,3647.0,25.67,5.37,14.67,2.9,171.33,47.57,81.0,7.6,7.37,11.83,243.57,92.83,58.77,23.33,141.33,4.6,6.97,6.74,2.67,3.0,59.33,164.67,3.0,17.0,40.93,14.67,2.77,10.97,4.0,0.33,0.0,0.71,245.68,248.64
Ben Roethlisberger,32.0,14.67,14.33,367.33,553.67,66.43,4383.67,27.0,4.87,13.0,2.43,210.0,50.53,76.67,7.93,7.83,11.93,301.33,96.6,66.73,31.67,198.33,5.3,7.19,7.07,1.33,2.33,25.0,51.67,0.33,5.0,28.07,13.33,2.13,3.43,6.67,0.67,0.0,0.61,251.18,234.16
Blake Bortles,22.5,15.0,14.5,317.5,540.5,58.75,3668.0,23.0,4.05,17.5,3.3,178.0,41.5,76.5,6.7,6.05,11.45,242.25,78.85,39.7,53.0,332.5,9.1,5.54,4.95,2.0,2.5,54.0,364.5,1.0,26.5,62.0,31.0,6.75,24.65,10.5,0.0,0.0,0.27,225.17,254.10000000000002
Brandon Weeden,31.0,7.0,4.5,119.0,203.5,61.05,1387.0,7.0,3.5,5.5,2.4,93.5,40.5,81.0,7.0,6.55,11.55,195.1,83.55,43.8,18.5,128.5,7.95,5.86,5.51,0.5,1.0,14.0,45.5,0.5,8.0,40.65,11.0,3.3,6.65,4.0,0.0,0.0,0.12,72.03,
Brian Hoyer,29.0,9.33,8.33,174.33,301.0,58.47,2182.33,12.0,4.33,7.67,2.67,108.67,44.3,59.0,7.03,6.67,12.03,226.5,83.5,47.53,18.33,131.0,5.8,6.18,5.88,2.0,2.0,15.0,33.0,0.0,4.0,32.77,12.33,2.4,4.03,3.33,0.0,0.0,0.7,116.59,
Cam Newton,25.0,15.33,15.33,283.33,472.0,60.0,3447.67,25.67,5.4,11.67,2.47,174.33,45.4,68.0,7.3,7.27,12.17,224.8,90.1,60.63,38.0,306.67,7.47,6.15,6.11,3.33,3.33,115.33,586.67,7.0,50.67,57.43,41.67,5.1,38.3,5.67,0.67,0.33,0.69,306.57,
Carson Palmer,35.0,12.67,12.67,281.67,444.33,63.3,3523.67,23.33,5.2,12.0,2.37,172.67,47.67,79.67,7.83,7.77,12.33,276.67,94.7,62.4,25.0,166.33,5.0,7.09,7.06,2.0,3.33,20.0,17.33,0.33,2.33,14.9,11.33,1.4,1.97,5.0,0.33,0.0,0.81,204.01,221.12
Colin Kaepernick,26.5,16.0,16.0,266.0,447.0,59.45,3283.0,20.0,4.5,9.0,2.0,156.0,42.8,72.0,7.35,7.35,12.45,205.2,89.0,62.7,45.5,287.5,9.2,6.12,6.12,2.5,2.5,98.0,581.5,2.5,28.0,45.95,59.0,5.9,36.35,7.0,0.0,0.0,0.62,252.47,186.44
Derek Carr,23.5,16.0,16.0,349.0,586.0,59.6,3628.5,26.5,4.55,12.5,2.15,175.5,41.7,72.5,6.25,6.2,10.4,226.8,83.85,42.6,27.5,189.5,4.5,5.62,5.56,2.5,2.5,31.0,115.0,0.0,10.0,38.65,32.5,3.7,7.2,10.0,0.5,0.0,0.31,217.64,254.48000000000002
Drew Brees,35.0,15.67,15.67,443.33,645.33,68.7,4994.67,34.67,5.37,13.33,2.07,244.33,51.13,75.0,7.73,7.9,11.3,318.93,100.9,69.7,32.33,221.67,4.77,7.04,7.18,1.67,2.0,28.67,44.67,1.67,5.67,30.03,13.67,1.53,2.83,6.0,0.67,0.0,0.53,314.25,330.32
EJ Manuel,24.0,7.33,5.33,102.67,173.67,59.57,1123.67,6.33,3.67,5.0,2.93,52.0,43.23,61.0,6.5,5.9,10.93,148.3,78.83,33.3,13.33,82.67,6.5,5.65,5.1,0.33,1.0,28.67,100.67,1.33,10.33,41.77,14.33,3.53,12.7,3.0,0.0,0.0,0.3,72.35,
Eli Manning,33.0,16.0,16.0,361.0,590.0,61.07,4220.0,27.67,4.67,18.33,3.17,199.67,45.33,79.0,7.13,6.67,11.7,263.73,85.03,52.5,31.33,208.33,5.1,6.44,5.99,1.0,1.67,16.67,42.67,0.33,4.0,23.33,16.67,2.57,2.67,8.33,0.33,0.0,0.4,232.4,218.18000000000004
Geno Smith,23.5,15.0,14.5,233.0,405.0,57.75,2785.5,12.5,3.1,17.0,4.1,133.5,40.65,71.5,6.9,5.65,11.9,185.4,72.0,43.4,35.5,245.0,7.95,5.78,4.65,1.5,3.5,65.5,302.0,3.5,21.0,46.2,25.0,4.55,19.95,8.0,0.0,0.0,0.37,162.62,
Jay Cutler,31.0,13.67,13.67,301.67,466.33,64.5,3364.0,22.67,4.9,13.67,2.97,159.67,46.3,76.0,7.27,6.87,11.27,245.43,90.03,60.67,28.67,168.33,5.7,6.5,6.17,2.67,2.67,33.33,170.0,1.0,12.33,48.4,23.0,5.1,12.27,8.33,0.0,0.0,0.4,204.23,
Joe Flacco,29.0,14.0,14.0,324.0,527.0,61.83,3563.0,20.0,3.8,15.33,2.9,170.0,44.0,68.0,6.8,6.23,10.97,257.57,82.4,55.8,27.67,205.0,4.77,6.1,5.59,2.33,3.0,26.33,74.67,2.0,11.67,52.23,17.67,2.83,4.97,6.0,0.0,0.0,0.48,199.32,230.48000000000002
Josh McCown,35.0,8.0,6.5,167.5,258.0,65.1,1969.0,12.5,4.95,2.5,0.9,95.0,47.55,68.0,7.7,8.25,11.8,246.1,101.15,67.65,17.0,87.0,6.0,6.94,7.49,1.0,1.0,16.5,83.5,1.0,7.5,54.4,16.5,5.1,10.45,6.0,0.0,0.0,0.36,126.11,
Matt Cassel,32.0,9.0,7.0,136.0,229.0,59.25,1541.5,8.0,3.4,8.0,3.45,95.5,39.8,65.0,6.7,5.8,11.25,171.3,76.1,43.2,15.0,85.5,6.15,5.92,5.08,1.5,1.5,16.5,67.5,0.5,6.5,40.55,18.5,4.2,7.5,3.5,0.0,0.0,0.38,80.41,
Matt Ryan,29.0,16.0,16.0,420.33,631.0,66.6,4600.0,25.0,3.97,15.67,2.47,229.67,48.97,76.67,7.3,7.0,10.97,287.5,90.83,66.13,35.0,235.33,5.23,6.56,6.26,2.67,2.67,27.33,87.67,0.0,8.0,42.4,16.67,3.33,5.47,7.33,0.33,0.0,0.38,246.77,339.46
Matt Schaub,33.0,6.0,5.0,135.5,219.0,63.1,1425.0,6.5,3.3,9.0,4.45,72.0,44.6,47.0,6.65,5.3,10.45,250.5,74.5,39.55,12.0,94.5,4.55,5.92,4.63,1.0,1.0,4.5,17.0,0.0,1.0,42.5,7.0,3.65,3.7,1.0,0.0,0.0,0.38,64.7,
Matthew Stafford,26.0,16.0,16.0,377.33,609.33,62.0,4389.67,27.67,4.57,14.67,2.4,219.67,46.53,72.33,7.2,7.03,11.63,274.37,88.97,52.17,37.33,224.33,5.8,6.44,6.27,3.0,3.67,41.33,107.0,1.67,12.33,34.93,16.67,2.57,6.67,8.0,0.33,0.0,0.52,261.62,275.78000000000003
Mike Glennon,24.5,9.5,9.0,182.0,309.5,58.5,2012.5,14.5,4.75,7.5,2.6,96.0,40.65,63.0,6.65,6.4,11.35,218.4,83.6,52.45,28.0,202.5,8.05,5.54,5.36,1.5,1.5,18.5,43.0,0.0,3.5,26.1,17.5,3.15,5.5,4.5,0.0,0.0,0.25,118.8,
Nick Foles,25.0,10.67,9.67,193.0,321.67,60.07,2368.67,15.67,4.93,7.33,2.27,105.33,41.37,66.33,7.4,7.33,12.2,226.43,89.87,54.0,17.0,115.0,4.97,6.66,6.6,1.33,1.67,30.0,103.0,1.33,8.67,44.1,15.0,3.13,9.1,4.33,0.33,0.0,0.64,152.38,
Peyton Manning,38.0,14.0,13.67,347.67,529.0,64.77,4151.0,34.33,5.83,14.0,3.03,209.33,49.13,79.67,7.67,7.47,11.87,287.53,94.83,65.27,17.0,111.0,3.37,7.21,7.02,2.0,2.0,20.67,-20.33,0.33,0.33,1.03,1.33,-1.0,-1.33,5.33,0.67,0.33,0.78,264.67,
Philip Rivers,33.0,16.0,16.0,398.0,591.67,67.37,4518.67,30.67,5.23,14.0,2.4,224.33,51.23,66.33,7.63,7.63,11.37,282.43,97.7,65.83,35.33,201.0,5.6,6.92,6.9,2.67,3.0,27.33,67.33,0.0,6.0,25.57,14.33,2.33,4.23,5.0,0.33,0.0,0.46,272.15,250.94
Robert Griffin III,23.5,11.0,10.0,210.5,335.0,64.4,2448.5,10.0,2.7,9.0,2.7,114.5,42.8,65.5,7.45,6.75,11.6,217.3,84.55,39.55,35.5,250.5,10.55,5.94,5.32,0.5,1.5,62.0,332.5,0.5,18.0,47.8,24.5,5.15,28.6,10.0,0.0,0.0,0.26,136.19,
Russell Wilson,26.0,16.0,16.0,290.33,447.33,64.77,3618.67,26.67,5.93,8.0,1.8,169.33,46.03,80.0,8.07,8.47,12.5,226.17,102.1,68.5,43.67,259.67,8.93,6.83,7.18,2.0,3.33,105.67,647.0,2.67,36.33,52.8,35.33,6.07,40.47,9.33,1.0,0.0,0.73,297.45,246.65999999999997
Ryan Fitzpatrick,32.0,13.5,12.5,276.0,456.0,60.8,3179.5,22.5,4.75,13.5,3.05,158.0,44.15,73.0,6.95,6.6,11.5,233.6,85.0,60.35,20.0,101.5,4.5,6.44,6.04,2.0,2.5,51.5,247.5,2.5,20.0,47.4,22.5,4.85,18.7,7.0,0.0,0.0,0.48,215.93,
Ryan Tannehill,26.0,16.0,16.0,370.0,588.0,62.9,4055.33,25.0,4.27,13.67,2.3,208.0,44.47,57.0,6.93,6.73,10.97,253.47,87.73,51.5,49.67,385.33,7.77,5.76,5.58,2.67,2.0,42.67,230.0,1.0,12.67,46.8,38.67,5.33,14.37,9.33,0.0,0.0,0.46,245.21,176.20000000000002
Sam Bradford,27.0,10.5,10.5,252.5,397.0,62.85,2706.0,16.5,4.45,9.0,2.05,128.0,45.5,75.5,6.7,6.65,10.7,253.55,88.65,48.05,21.5,148.5,5.2,6.02,5.98,0.5,1.5,20.5,35.0,0.0,2.0,21.55,18.5,1.8,3.6,6.5,0.0,0.0,0.46,146.74,210.38000000000002
Teddy Bridgewater,22.5,14.5,14.0,275.5,424.5,64.85,3075.0,14.0,3.3,10.5,2.5,145.0,42.8,69.5,7.25,6.75,11.2,213.2,86.95,54.65,41.5,278.0,8.9,6.0,5.58,2.0,2.0,45.5,200.5,2.0,16.5,42.7,17.5,4.4,14.05,5.5,0.5,0.0,0.59,179.05,
Tom Brady,37.0,16.0,16.0,385.0,611.33,63.0,4407.33,31.33,5.17,9.0,1.47,225.33,47.23,75.33,7.2,7.57,11.43,275.43,95.63,69.57,33.0,205.0,5.07,6.53,6.87,3.0,3.0,34.0,42.67,1.0,10.0,32.03,13.67,1.27,2.67,7.0,1.0,0.0,0.75,279.89,246.56
Tony Romo,34.0,11.33,11.33,243.0,363.67,67.47,2805.67,23.33,5.9,8.67,3.27,145.33,50.97,63.0,7.67,7.37,11.37,241.07,96.43,63.87,23.33,174.0,5.7,6.82,6.55,2.0,3.33,16.67,37.33,0.0,4.0,21.4,16.0,2.5,3.3,4.0,0.33,0.0,0.69,183.96,
Aaron Rodgers,32.0,16.0,16.0,363.0,567.33,64.0,4210.0,36.33,6.43,6.67,1.17,208.0,48.33,70.33,7.47,8.23,11.6,263.13,103.03,70.07,36.33,244.67,5.97,6.61,7.33,1.0,1.67,56.0,327.33,2.33,22.67,51.9,20.0,5.9,20.47,8.67,1.0,0.33,0.67,329.8,129.6
Alex Smith,31.0,15.33,15.33,312.67,474.33,65.9,3417.67,17.67,3.77,7.0,1.47,172.0,46.1,76.67,7.2,7.27,10.97,223.03,93.33,57.97,39.33,201.33,7.63,6.26,6.34,2.33,2.33,60.33,295.33,2.67,20.0,41.73,32.67,4.63,18.97,5.0,0.33,0.0,0.65,228.91,295.18
Andrew Luck,26.0,12.67,12.67,296.0,484.67,60.17,3627.33,28.67,5.77,13.67,3.03,177.67,46.2,77.0,7.3,7.1,12.13,283.0,89.27,60.77,27.67,172.33,5.37,6.58,6.39,2.0,2.33,53.67,270.0,1.67,17.67,49.9,26.0,5.17,22.6,7.33,0.33,0.0,0.5,254.76,
Andy Dalton,28.0,15.0,15.0,309.33,476.67,65.0,3618.0,20.67,4.57,10.67,2.23,171.33,48.27,82.33,7.67,7.57,11.77,241.77,93.83,57.93,27.33,168.67,5.3,6.92,6.82,3.0,2.33,54.33,165.0,3.67,17.67,45.23,15.67,3.1,11.0,5.67,0.67,0.0,0.61,233.22,210.70000000000002
Ben Roethlisberger,33.0,14.0,13.67,351.67,528.67,66.5,4236.33,27.33,5.17,12.67,2.5,201.0,50.97,78.33,8.0,7.93,12.0,303.5,97.73,67.57,23.33,151.33,4.13,7.4,7.32,1.67,2.0,21.33,23.33,0.33,4.33,23.23,11.67,1.2,1.7,6.33,1.0,0.0,0.68,245.12,252.73999999999995
Blake Bortles,23.0,15.33,15.0,334.33,568.67,58.8,3747.0,23.0,3.93,17.0,3.07,187.67,41.97,68.0,6.53,5.97,11.17,242.87,78.83,40.8,46.67,287.33,7.8,5.57,5.04,1.67,2.0,55.33,362.67,1.67,24.33,59.13,29.67,6.57,23.9,9.67,0.0,0.0,0.24,234.81,231.68
Brian Hoyer,29.5,12.5,11.0,233.0,403.5,58.0,2966.0,15.5,3.9,10.0,2.45,146.5,43.9,65.0,7.35,7.0,12.65,237.25,83.95,45.75,24.5,172.5,5.75,6.49,6.21,2.5,2.5,19.5,41.5,0.0,5.5,32.5,13.0,2.25,3.4,5.0,0.0,0.0,0.55,154.79,
Brock Osweiler,25.5,11.5,10.5,235.5,392.5,60.4,2462.0,12.5,3.25,11.0,2.65,123.0,44.4,62.5,6.5,5.95,10.7,221.5,79.3,52.1,25.0,178.5,6.35,5.6,5.1,2.0,2.0,25.5,96.0,1.5,10.0,46.45,14.5,3.65,8.15,4.5,0.0,0.0,0.64,136.08,
Cam Newton,25.5,15.0,15.0,279.0,471.5,59.15,3482.0,26.5,5.55,11.0,2.35,175.5,46.5,62.5,7.4,7.45,12.45,231.6,90.75,58.8,35.5,292.0,7.05,6.28,6.32,3.0,3.0,117.5,587.5,7.5,53.5,58.65,34.5,5.0,39.15,7.0,0.5,0.5,0.66,313.03,281.48
Carson Palmer,36.0,12.33,12.33,282.33,452.67,62.53,3510.0,24.0,5.27,9.33,1.87,177.67,47.8,76.0,7.7,7.87,12.27,281.7,95.8,62.03,24.67,163.67,4.87,6.99,7.18,1.33,3.0,15.67,29.0,0.33,3.0,27.97,13.33,2.27,2.73,7.67,0.33,0.0,0.75,207.3,98.32000000000001
Case Keenum,27.0,6.0,5.5,120.5,199.5,59.65,1318.0,5.5,2.7,6.5,3.0,62.0,42.2,50.0,6.2,5.45,10.45,218.8,74.3,38.4,13.0,77.5,5.25,5.61,4.84,1.0,1.5,15.0,43.0,0.5,7.0,52.5,13.0,3.05,11.3,3.0,0.0,0.0,0.72,63.02,235.88
Colin Kaepernick,28.0,14.0,13.5,242.5,404.5,59.85,2805.0,17.5,4.4,7.0,1.65,132.5,41.95,72.5,6.9,7.05,11.55,198.7,88.55,53.65,44.0,275.5,9.8,5.62,5.75,2.0,1.5,86.5,553.5,1.5,28.5,53.55,60.0,6.45,39.45,8.5,0.0,0.0,0.3,215.55,
Derek Carr,24.0,15.67,15.67,351.67,577.33,61.0,3731.33,27.0,4.7,10.33,1.8,180.67,42.83,73.33,6.5,6.63,10.6,238.7,88.13,47.1,23.67,152.67,3.93,5.98,6.11,4.0,4.0,33.67,100.0,0.0,8.33,36.03,26.0,3.07,6.37,8.33,0.67,0.0,0.48,229.92,192.44
Drew Brees,36.0,15.67,15.67,451.67,653.0,69.17,5010.0,34.0,5.2,14.33,2.2,250.67,51.77,82.33,7.67,7.73,11.13,319.9,99.9,68.93,29.0,201.67,4.27,7.05,7.1,1.67,2.67,24.67,34.0,1.33,6.0,30.63,10.67,1.33,2.17,5.67,0.67,0.0,0.45,307.8,252.56
EJ Manuel,24.5,6.0,3.0,64.0,107.5,59.95,699.5,4.0,3.7,3.0,2.95,33.5,44.5,69.0,6.55,5.95,10.9,123.85,79.4,30.85,6.0,44.5,5.55,5.76,5.22,0.0,0.5,16.5,58.0,1.0,6.5,41.9,12.0,3.55,9.75,1.5,0.0,0.0,0.25,46.78,
Eli Manning,34.0,16.0,16.0,381.0,605.67,62.9,4289.67,30.33,5.0,14.67,2.43,205.33,46.4,80.67,7.07,7.0,11.27,268.1,90.57,54.87,25.33,162.0,4.03,6.54,6.45,1.67,3.0,17.67,27.67,0.33,3.67,20.93,14.0,1.77,1.7,8.33,0.33,0.0,0.48,251.69,175.32
Jameis Winston,21.5,16.0,16.0,328.5,551.0,59.55,4066.0,25.0,4.5,16.5,3.0,208.5,46.7,56.5,7.4,6.95,12.45,254.1,85.15,58.35,31.0,214.5,5.3,6.62,6.21,1.5,3.0,53.5,189.0,3.5,16.0,37.35,17.5,3.5,11.8,8.0,0.5,0.0,0.47,253.54,183.66
Jay Cutler,31.5,15.0,15.0,340.5,522.0,65.2,3735.5,24.5,4.65,14.5,2.75,177.0,46.85,80.5,7.2,6.85,11.05,249.0,90.45,55.95,33.5,186.5,6.0,6.42,6.14,2.5,2.5,38.5,196.0,1.5,15.0,50.85,25.5,5.1,13.05,10.0,0.0,0.0,0.37,227.02,145.83999999999997
Joe Flacco,30.0,14.0,14.0,348.67,546.33,63.8,3698.0,20.33,3.77,13.0,2.43,174.33,45.5,75.0,6.8,6.43,10.67,266.0,85.87,57.3,22.67,178.0,3.9,6.22,5.89,2.33,2.33,24.33,50.33,2.33,9.67,43.57,15.67,2.13,3.43,5.0,0.0,0.0,0.48,212.29,
Kirk Cousins,27.5,16.0,16.0,392.5,574.5,68.4,4541.5,27.0,4.7,11.5,2.0,216.0,51.15,79.0,7.9,7.9,11.55,283.85,99.4,67.15,24.5,188.0,4.15,7.26,7.3,3.0,3.5,30.0,72.0,4.5,11.0,41.3,16.0,2.3,4.5,9.0,0.5,0.0,0.55,282.86,261.62
Landry Jones,26.5,7.5,2.0,42.5,70.5,59.9,535.5,3.5,5.1,3.0,4.8,23.0,42.25,69.5,7.9,6.75,13.25,71.55,81.8,45.75,3.0,25.5,3.95,7.26,6.15,0.5,1.0,5.5,-4.5,0.0,0.0,0.0,0.0,-0.85,-0.6,0.5,0.0,0.0,0.5,27.97,
Marcus Mariota,22.5,13.5,13.5,253.0,410.5,61.7,3122.0,22.5,5.45,9.5,2.35,149.5,45.0,60.5,7.6,7.65,12.35,231.6,93.55,53.75,30.5,207.0,7.1,6.58,6.62,2.0,2.0,47.0,300.5,2.0,16.5,52.05,64.0,6.6,22.15,10.0,0.0,0.0,0.39,217.93,208.48000000000002
Matt Ryan,30.0,16.0,16.0,398.33,592.0,67.43,4743.0,29.0,5.0,12.33,2.03,233.67,50.77,75.0,8.1,8.17,11.97,296.43,100.0,70.17,32.67,214.33,5.3,7.29,7.36,2.67,3.0,33.33,108.33,0.0,10.67,44.93,17.0,3.37,6.77,7.0,0.67,0.33,0.52,277.89,226.10000000000002
Matthew Stafford,27.0,16.0,16.0,383.0,596.0,64.27,4282.0,26.0,4.37,11.67,1.97,218.0,46.9,67.67,7.2,7.17,11.2,267.63,92.0,56.07,42.0,240.33,6.6,6.34,6.33,5.0,5.33,41.33,153.0,1.67,13.33,39.47,20.0,3.8,9.53,5.0,0.33,0.0,0.56,267.25,259.64000000000004
Nick Foles,25.5,9.5,9.5,188.0,324.0,58.1,2107.5,10.0,3.15,10.0,3.1,93.0,38.55,68.0,6.55,5.75,11.2,228.45,75.2,46.25,11.5,86.0,3.4,6.05,5.3,1.5,2.0,16.5,44.0,0.5,5.0,45.95,12.0,2.75,5.15,4.5,0.0,0.0,0.56,102.7,25.78
Peyton Manning,38.5,13.0,12.5,296.5,464.0,63.0,3488.0,24.0,4.6,16.0,3.8,168.5,46.1,80.5,7.35,6.55,11.7,260.15,84.7,58.4,16.5,106.5,3.7,6.86,6.1,2.0,2.0,15.0,-15.0,0.0,0.0,0.0,1.5,-1.0,-1.05,3.0,0.5,0.0,0.76,196.02,
Philip Rivers,34.0,16.0,16.0,388.33,603.0,64.33,4488.0,31.0,5.17,17.33,2.93,218.33,48.2,66.0,7.43,7.17,11.63,280.5,91.83,60.37,37.33,213.67,5.83,6.69,6.42,1.67,2.0,22.67,55.0,0.0,5.33,26.77,11.67,2.3,3.47,7.0,0.33,0.0,0.38,260.35,256.40000000000003
Russell Wilson,27.0,16.0,16.0,322.33,493.67,65.3,3906.0,25.0,5.07,8.67,1.73,181.33,46.83,73.0,7.9,8.17,12.13,244.13,99.23,65.13,42.67,266.67,8.0,6.78,7.0,2.33,3.0,97.67,553.67,2.67,32.0,51.2,32.33,5.4,34.63,8.67,0.67,0.0,0.68,292.94,321.92
Ryan Tannehill,27.0,15.0,15.0,338.67,521.67,65.13,3749.33,23.33,4.53,12.0,2.37,184.67,45.07,59.33,7.27,7.1,11.13,248.73,91.67,51.57,40.0,324.33,7.07,6.16,6.0,2.33,2.0,42.33,205.33,1.0,12.33,47.2,28.67,4.73,13.6,9.33,0.0,0.0,0.5,227.17,
Sam Bradford,28.5,14.5,14.5,370.5,542.0,68.3,3801.0,19.5,3.6,9.5,1.75,184.5,47.15,74.5,7.0,6.9,10.3,262.3,92.85,46.15,32.5,238.0,5.65,6.2,6.13,0.5,1.5,23.0,46.0,0.0,2.5,24.05,19.0,2.1,3.15,10.0,0.0,0.0,0.48,195.64,
Teddy Bridgewater,22.5,14.5,14.0,275.5,424.5,64.85,3075.0,14.0,3.3,10.5,2.5,145.0,42.8,69.5,7.25,6.75,11.2,213.2,86.95,54.65,41.5,278.0,8.9,6.0,5.58,2.0,2.0,45.5,200.5,2.0,16.5,42.7,17.5,4.4,14.05,5.5,0.5,0.0,0.59,179.05,
Tom Brady,38.0,14.67,14.67,355.33,546.0,65.3,4144.33,32.33,6.0,6.0,1.03,205.0,49.03,74.67,7.63,8.37,11.7,283.7,103.93,75.0,24.67,148.67,4.2,7.07,7.77,1.67,1.67,32.67,58.0,1.0,12.0,40.07,15.0,1.83,4.07,5.67,1.0,0.0,0.81,283.57,283.88000000000005
Tony Romo,34.5,9.5,9.5,193.5,278.0,69.25,2294.5,19.5,5.95,8.0,3.95,119.0,51.9,53.5,7.9,7.3,11.45,234.0,96.3,64.85,17.5,125.0,5.5,7.1,6.55,2.0,3.0,15.0,37.0,0.0,3.5,22.1,16.5,2.8,3.7,4.0,0.5,0.0,0.78,149.48,
Tyrod Taylor,26.5,14.5,14.5,255.5,408.0,62.7,3029.0,18.5,4.6,6.0,1.5,138.5,42.95,73.5,7.45,7.7,11.85,209.15,94.55,64.35,39.0,202.0,8.75,6.36,6.58,1.0,1.5,99.5,574.0,5.0,31.0,47.85,40.0,5.8,39.65,6.5,0.5,0.0,0.5,257.56,218.66000000000003
Aaron Rodgers,33.0,13.0,13.0,300.67,473.33,63.7,3308.0,29.0,6.23,7.0,1.67,163.0,46.77,67.67,7.0,7.47,10.97,251.63,98.03,66.33,34.33,242.67,7.1,5.98,6.44,1.33,2.0,49.67,279.67,1.67,18.67,51.97,19.67,5.57,20.87,5.67,0.67,0.0,0.61,260.95,300.58
Alex Smith,32.0,15.33,15.33,325.33,488.0,66.63,3676.67,20.33,4.17,6.67,1.37,173.0,45.83,79.67,7.53,7.73,11.33,240.3,97.1,62.5,36.0,194.0,6.87,6.64,6.84,1.67,2.33,64.0,329.0,2.67,21.67,43.87,47.67,4.87,21.23,4.0,0.67,0.0,0.67,255.97,
Andrew Luck,26.5,11.0,11.0,254.0,419.0,59.4,3060.5,23.0,5.4,12.5,3.25,149.0,45.35,75.5,7.1,6.7,11.95,275.7,85.65,59.15,28.0,178.0,5.95,6.3,5.94,2.5,3.0,48.5,268.5,1.0,16.5,53.75,29.0,5.6,25.35,4.5,0.0,0.0,0.41,213.27,312.52000000000004
Andy Dalton,29.0,15.0,15.0,305.33,481.67,63.57,3592.0,22.67,4.9,9.0,1.87,172.33,46.63,81.0,7.53,7.67,11.83,240.13,94.87,56.47,33.33,212.33,6.33,6.66,6.78,2.67,2.33,47.0,141.67,2.33,14.0,38.43,17.33,3.03,9.53,6.0,0.33,0.0,0.54,232.51,172.54
Ben Roethlisberger,34.0,13.67,13.33,335.67,513.0,65.53,4002.67,26.0,5.07,14.33,2.83,187.67,49.73,79.33,7.83,7.6,11.9,294.8,94.43,66.83,19.33,140.33,3.63,7.27,7.03,2.0,2.33,19.67,30.0,0.33,4.67,22.3,13.67,1.5,2.17,4.33,1.0,0.0,0.72,231.77,322.96
Blaine Gabbert,27.0,6.5,6.5,136.5,226.5,59.35,1558.5,8.0,3.5,6.5,3.0,70.0,38.8,61.5,6.8,6.15,11.4,235.55,79.05,35.4,24.0,156.5,10.0,5.46,4.88,2.0,2.0,27.0,133.5,0.5,8.5,47.75,28.0,4.75,19.75,5.5,0.0,0.0,0.39,86.69,33.04
Blake Bortles,24.0,16.0,16.0,346.0,584.67,59.23,4006.67,26.33,4.5,15.67,2.7,207.33,44.4,72.0,6.83,6.53,11.6,250.43,83.9,51.23,36.33,213.33,5.8,6.13,5.84,1.67,2.0,55.67,330.33,2.33,21.33,55.27,27.67,5.93,20.63,10.33,0.0,0.0,0.38,260.63,165.22
Brock Osweiler,25.5,11.5,10.5,235.5,392.5,60.4,2462.0,12.5,3.25,11.0,2.65,123.0,44.4,62.5,6.5,5.95,10.7,221.5,79.3,52.1,25.0,178.5,6.35,5.6,5.1,2.0,2.0,25.5,96.0,1.5,10.0,46.45,14.5,3.65,8.15,4.5,0.0,0.0,0.64,136.08,65.97999999999999
Cam Newton,27.0,16.0,16.0,293.5,493.5,59.45,3569.5,28.5,5.8,13.0,2.65,181.0,45.95,69.0,7.25,7.2,12.15,223.1,90.05,57.05,34.0,263.0,6.45,6.27,6.24,2.0,3.5,135.5,695.0,8.0,52.5,52.85,58.0,5.1,43.45,7.0,0.5,0.5,0.81,334.28,266.6
Carson Palmer,37.0,12.67,12.67,290.0,467.0,62.03,3627.33,23.33,4.77,10.67,2.3,182.0,47.83,64.67,7.73,7.63,12.47,285.57,92.07,59.8,29.0,194.0,6.1,6.86,6.77,1.33,3.0,17.67,24.67,0.33,4.33,31.53,10.67,1.53,1.9,7.33,0.33,0.0,0.56,206.89,
Carson Wentz,24.5,14.5,14.5,322.0,523.5,61.3,3539.0,24.5,5.05,10.5,1.95,176.5,44.75,72.5,6.85,7.0,11.2,244.95,90.6,62.65,30.5,187.5,5.6,6.14,6.26,1.0,1.0,55.0,224.5,1.0,22.0,50.45,20.5,4.0,16.2,11.5,0.5,0.0,0.64,224.01,184.26000000000002
Case Keenum,28.5,12.5,11.5,260.5,401.5,64.25,2874.0,15.5,3.7,9.0,2.45,141.5,45.55,65.0,7.1,6.75,11.05,228.3,87.35,55.4,22.5,138.0,5.55,6.38,6.04,1.0,2.5,30.0,105.5,1.0,10.5,43.75,17.5,3.3,7.9,3.0,0.0,0.0,0.62,169.51,196.9
Dak Prescott,23.5,16.0,16.0,309.5,474.5,65.35,3495.5,22.5,4.75,8.5,1.8,173.5,47.8,82.0,7.4,7.55,11.3,218.5,95.75,73.8,28.5,164.0,5.65,6.64,6.8,2.5,4.5,57.0,319.5,6.0,25.0,58.8,19.5,5.6,19.95,6.5,0.5,0.0,0.69,267.77,269.9
Derek Carr,25.0,15.33,15.33,343.33,549.33,62.53,3806.67,27.33,4.97,10.67,1.97,182.33,45.07,76.67,6.93,7.03,11.07,248.27,91.4,49.87,22.33,136.67,3.87,6.42,6.53,4.0,4.0,31.67,91.33,0.0,6.0,32.1,23.0,2.97,5.9,7.67,1.0,0.0,0.55,234.07,204.66
Drew Brees,37.0,15.67,15.67,428.33,612.0,70.1,4804.0,30.67,4.97,11.33,1.83,232.0,51.33,77.33,7.87,8.03,11.23,307.03,102.2,65.57,26.0,188.0,4.07,7.25,7.41,1.67,2.67,26.67,15.33,1.67,6.33,27.17,8.67,0.63,1.0,5.0,0.67,0.0,0.53,293.69,293.88
Eli Manning,35.0,15.67,15.67,372.0,595.67,62.4,3975.67,26.67,4.43,14.33,2.43,189.67,45.5,79.67,6.67,6.47,10.7,253.3,86.67,50.4,26.33,162.67,4.23,6.12,5.93,1.33,3.0,17.67,26.0,0.33,3.0,15.4,12.67,1.63,1.63,9.67,0.33,0.0,0.42,222.29,227.96
Jameis Winston,22.0,15.0,15.0,313.0,514.67,60.97,3878.67,23.0,4.43,14.67,2.83,200.67,47.7,61.0,7.57,7.2,12.43,259.23,87.5,56.27,31.67,212.0,5.83,6.73,6.37,1.67,2.67,46.67,171.0,2.67,13.33,40.07,17.33,3.7,11.33,10.33,0.33,0.0,0.39,230.25,187.78
Jay Cutler,33.0,14.5,14.5,288.5,456.0,63.2,3162.5,20.0,4.35,12.5,2.8,155.5,45.7,76.0,6.9,6.5,10.9,217.15,86.55,52.25,24.5,152.0,5.1,6.22,5.88,3.0,3.5,28.5,116.5,0.5,9.5,47.4,17.5,3.5,7.85,7.0,0.0,0.0,0.41,182.15,
Jimmy Garoppolo,25.5,6.0,3.5,81.5,120.5,67.85,1031.0,5.5,5.1,2.5,1.4,51.5,53.65,49.0,8.4,8.75,12.35,171.85,104.75,85.25,5.5,36.0,4.4,7.73,8.1,1.5,1.5,12.5,8.5,0.5,2.5,18.35,9.0,0.65,1.4,1.5,0.0,0.0,1.0,59.09,
Joe Flacco,30.5,13.0,13.0,351.0,542.5,64.65,3554.0,17.0,3.2,13.5,2.55,164.5,44.35,72.5,6.6,6.05,10.2,274.45,83.3,51.65,24.5,183.5,4.2,6.0,5.5,2.5,2.5,17.0,40.5,2.5,6.0,43.55,16.0,2.3,2.95,5.0,0.0,0.0,0.4,192.21,
Josh McCown,37.0,10.5,10.5,226.5,344.5,65.5,2517.5,15.0,4.3,6.5,1.85,116.5,43.85,62.5,7.3,7.35,11.15,244.35,93.9,54.75,31.0,200.5,8.1,6.18,6.22,1.0,1.5,28.5,111.0,3.0,12.0,47.75,17.5,4.15,10.9,10.0,0.0,0.0,0.25,156.8,
Kirk Cousins,28.0,16.0,16.0,377.33,563.0,67.03,4392.0,27.0,4.8,12.0,2.13,208.67,49.3,77.33,7.8,7.77,11.63,274.5,97.57,63.5,30.0,239.33,5.13,6.99,6.99,2.33,3.67,36.33,107.67,4.33,13.67,43.87,16.67,2.77,6.73,10.33,0.33,0.0,0.51,275.78,272.22
Landry Jones,26.5,7.5,2.0,42.5,70.5,59.9,535.5,3.5,5.1,3.0,4.8,23.0,42.25,69.5,7.9,6.75,13.25,71.55,81.8,45.75,3.0,25.5,3.95,7.26,6.15,0.5,1.0,5.5,-4.5,0.0,0.0,0.0,0.0,-0.85,-0.6,0.5,0.0,0.0,0.5,27.97,
Marcus Mariota,23.0,14.0,14.0,262.33,424.67,61.8,3158.67,19.33,4.6,11.33,2.67,149.33,45.0,65.33,7.43,7.17,12.07,226.23,88.8,55.5,29.33,195.67,6.6,6.51,6.25,2.33,2.67,51.33,304.33,3.0,18.67,53.03,54.0,6.13,21.7,7.33,0.0,0.0,0.46,214.78,158.82
Matt Moore,32.5,4.0,2.5,66.5,107.0,62.3,791.0,6.0,6.15,4.0,3.65,37.5,44.35,63.5,7.55,7.1,12.05,197.8,90.6,60.3,6.5,47.5,4.85,6.85,6.48,1.0,1.5,2.0,4.0,0.0,0.5,83.35,3.0,1.0,1.0,0.5,0.0,0.0,0.33,47.04,
Matt Ryan,31.0,16.0,16.0,374.0,559.0,66.97,4543.33,26.33,4.77,11.67,2.07,222.33,51.07,78.0,8.17,8.2,12.2,283.93,99.17,70.13,30.33,198.0,5.17,7.39,7.42,2.33,3.0,34.33,107.67,0.0,11.0,42.07,17.33,3.2,6.7,6.67,0.33,0.33,0.6,261.17,333.46000000000004
Matthew Stafford,28.0,16.0,16.0,385.67,583.67,66.07,4345.0,28.33,4.83,11.0,1.9,217.33,47.67,67.0,7.47,7.57,11.3,271.57,96.53,62.93,42.67,251.33,6.83,6.54,6.65,3.67,5.0,36.67,154.67,1.0,12.67,41.67,19.0,4.2,9.63,6.33,0.0,0.0,0.52,273.93,208.18
Nick Foles,27.0,9.0,7.0,123.5,219.0,56.4,1294.5,6.0,3.55,6.0,2.5,57.0,35.85,51.5,5.7,5.3,10.1,131.6,74.25,30.0,9.5,71.0,4.35,5.11,4.72,1.0,1.5,14.0,11.5,0.5,2.5,23.8,9.5,0.75,1.1,5.5,0.0,0.0,0.52,56.93,70.22000000000001
Philip Rivers,35.0,16.0,16.0,382.0,604.67,63.03,4564.33,30.0,5.0,14.67,2.43,219.67,47.07,71.33,7.57,7.43,12.03,285.27,92.57,59.1,31.33,190.67,4.87,6.9,6.81,1.33,1.67,16.33,20.33,0.0,2.0,21.47,8.67,1.33,1.3,7.0,0.67,0.0,0.38,261.27,273.02
Russell Wilson,28.0,16.0,16.0,340.33,527.33,64.7,4075.33,29.67,5.63,10.0,1.9,190.67,47.27,71.0,7.73,8.03,11.97,254.7,99.37,62.7,43.0,293.33,7.57,6.65,6.91,2.67,2.33,90.0,466.0,1.67,28.33,49.97,24.33,5.07,29.13,9.67,0.67,0.0,0.62,298.95,281.52000000000004
Ryan Fitzpatrick,34.0,11.0,9.5,215.5,362.5,59.25,2504.0,19.0,4.9,9.0,2.25,130.5,45.15,55.0,6.85,6.85,11.6,213.95,87.0,60.55,13.0,64.0,3.7,6.42,6.39,1.0,2.0,37.5,174.0,1.0,14.0,47.5,17.0,4.85,14.95,2.5,0.0,0.0,0.65,176.56,
Ryan Tannehill,27.5,14.5,14.5,312.0,487.5,64.5,3601.5,21.5,4.5,12.0,2.55,164.5,43.95,64.0,7.45,7.2,11.55,246.7,91.1,47.1,37.0,318.0,7.0,6.32,6.09,2.5,2.5,35.5,152.5,1.0,9.5,43.1,23.0,4.3,10.7,9.5,0.0,0.0,0.5,208.31,133.66
Sam Bradford,28.5,14.5,14.5,370.5,542.0,68.3,3801.0,19.5,3.6,9.5,1.75,184.5,47.15,74.5,7.0,6.9,10.3,262.3,92.85,46.15,32.5,238.0,5.65,6.2,6.13,0.5,1.5,23.0,46.0,0.0,2.5,24.05,19.0,2.1,3.15,10.0,0.0,0.0,0.48,195.64,
Tom Brady,39.0,14.67,14.67,359.33,545.67,66.03,4300.33,32.0,5.93,5.67,1.0,208.0,49.23,73.0,7.9,8.67,12.0,293.47,105.73,72.97,29.33,171.0,4.93,7.24,7.95,1.67,1.67,29.0,48.33,1.0,11.0,38.7,11.67,1.67,3.47,6.0,1.0,0.33,0.83,287.51,275.70000000000005
Tom Savage,26.5,5.5,4.5,85.5,148.0,59.55,936.5,2.5,1.1,3.0,1.35,45.0,42.35,44.5,6.3,5.95,10.65,165.1,76.15,49.75,13.0,97.5,7.5,5.3,4.94,1.5,1.5,5.0,7.0,0.0,1.0,16.65,7.0,1.25,2.15,4.5,0.0,0.0,0.32,33.16,
Tyrod Taylor,27.0,14.67,14.33,258.0,412.0,62.67,2952.33,17.0,4.17,5.33,1.33,136.67,42.8,64.67,7.2,7.43,11.43,201.63,92.77,61.63,41.33,220.0,9.13,6.06,6.28,1.0,1.67,94.33,525.0,4.67,30.0,46.2,37.33,5.57,35.93,5.67,0.33,0.0,0.53,244.59,35.42
Aaron Rodgers,34.0,13.0,13.0,309.0,481.67,64.23,3515.0,27.0,5.83,5.0,1.3,170.67,47.7,71.0,7.23,7.8,11.27,264.57,99.67,65.67,35.33,255.67,7.17,6.2,6.73,1.67,2.33,44.67,254.67,2.0,18.67,59.13,21.33,5.7,19.3,5.0,0.67,0.0,0.53,266.07,272.38000000000005
Alex Smith,32.5,15.0,15.0,334.5,497.0,67.3,3772.0,20.5,4.1,6.5,1.3,182.0,46.8,79.5,7.6,7.8,11.3,251.5,97.95,63.2,31.5,173.5,5.95,6.8,7.02,2.0,3.0,54.0,244.5,3.0,15.5,40.2,47.0,4.35,16.3,4.0,1.0,0.0,0.67,254.33,
Andrew Luck,28.0,15.5,15.5,388.0,592.0,65.4,4416.5,35.0,5.9,14.0,2.35,221.0,50.75,66.0,7.5,7.6,11.5,284.9,97.55,67.75,29.5,201.0,4.85,6.78,6.9,3.5,3.5,55.0,244.5,1.0,16.0,43.0,33.0,4.25,16.0,6.0,0.5,0.0,0.58,307.11,
Andy Dalton,30.0,14.33,14.33,295.67,474.67,62.17,3364.0,21.33,4.67,10.33,2.27,167.0,45.7,70.67,7.07,6.97,11.4,234.57,89.33,52.1,33.67,225.33,6.5,6.17,6.08,2.67,2.67,33.33,127.33,1.33,10.33,38.67,20.33,4.27,8.9,4.67,0.33,0.0,0.43,210.63,
Ben Roethlisberger,35.0,15.0,15.0,380.0,581.67,65.2,4399.67,30.33,5.23,14.33,2.5,212.0,49.17,88.67,7.57,7.5,11.57,292.27,95.1,65.77,20.67,148.67,3.4,7.05,6.99,2.33,3.0,25.0,53.0,1.33,7.67,30.6,15.33,1.93,3.4,6.0,0.67,0.0,0.7,269.95,
Blaine Gabbert,28.5,6.5,4.0,78.0,136.0,58.0,856.0,5.0,3.75,5.0,3.75,43.5,39.4,43.5,6.3,5.35,10.85,147.75,73.4,30.1,14.0,93.0,8.3,5.2,4.34,2.0,2.0,14.0,41.0,0.0,4.5,39.4,6.5,1.85,8.2,3.5,0.0,0.0,0.53,41.34,
Blake Bortles,25.0,15.0,14.67,308.67,517.0,59.8,3436.67,19.0,3.63,13.33,2.6,176.0,44.27,68.67,6.63,6.23,11.17,227.87,81.1,48.57,29.67,164.33,5.57,6.0,5.59,0.67,1.0,57.67,348.67,2.0,22.67,54.87,32.0,6.03,23.53,8.33,0.0,0.0,0.35,217.0,
Brock Osweiler,27.0,11.0,9.5,207.0,344.0,61.25,2102.0,10.5,3.15,10.0,2.65,106.0,43.05,64.0,6.4,5.85,10.4,187.6,79.1,41.9,22.0,168.0,6.85,5.43,4.88,1.5,1.5,19.0,76.0,1.0,7.5,31.25,14.0,3.5,5.85,3.0,0.0,0.0,0.49,113.68,
Cam Newton,28.5,15.0,15.0,305.5,481.5,63.5,3348.5,23.0,4.8,14.5,3.05,173.5,46.8,73.0,6.95,6.55,10.95,224.45,87.45,52.95,32.0,227.5,6.2,6.08,5.72,1.5,2.5,120.0,621.0,5.0,41.0,49.05,49.0,5.1,41.0,7.5,0.0,0.0,0.56,274.04,
Carson Palmer,37.5,11.0,11.0,264.0,432.0,61.2,3105.5,17.5,3.9,10.5,2.45,157.5,45.4,63.0,7.25,6.9,11.85,282.4,85.8,51.5,31.0,215.5,6.95,6.26,5.94,1.5,2.5,14.0,25.0,0.0,4.0,39.3,10.0,1.8,2.1,8.0,0.0,0.0,0.43,159.72,
Carson Wentz,25.0,13.33,13.33,307.67,482.67,64.07,3384.0,23.33,5.1,9.33,1.87,170.67,46.73,67.67,7.13,7.3,11.13,256.47,94.47,62.43,30.67,192.33,6.13,6.31,6.47,1.33,1.33,48.0,180.67,0.67,17.33,48.33,18.0,3.57,13.63,10.67,0.33,0.0,0.58,210.76,253.86
Case Keenum,29.0,13.67,13.0,295.33,463.0,63.6,3212.67,16.33,3.5,11.0,2.5,154.0,45.2,64.67,6.93,6.53,10.93,233.23,85.3,51.77,26.33,170.33,5.53,6.22,5.83,1.67,3.0,28.67,101.33,1.33,10.67,44.57,17.33,3.4,7.2,5.67,0.0,0.0,0.54,178.64,
Dak Prescott,24.0,16.0,16.0,325.0,491.67,66.13,3625.33,22.33,4.57,8.33,1.7,177.0,46.93,84.67,7.4,7.53,11.17,226.6,96.13,67.6,37.67,225.0,6.97,6.46,6.61,2.67,4.67,63.0,314.67,6.0,25.0,54.77,22.33,5.1,19.67,8.33,0.67,0.0,0.67,268.48,
Derek Carr,26.0,15.33,15.33,353.67,542.67,65.13,3827.33,23.0,4.23,9.67,1.8,185.33,46.6,76.0,7.03,7.07,10.8,249.57,92.33,51.0,29.0,159.67,4.97,6.42,6.45,3.67,3.67,28.67,61.0,0.33,5.0,28.7,20.0,2.23,4.0,8.33,0.67,0.0,0.48,217.19,236.35999999999999
Drew Brees,38.0,15.67,15.67,407.0,566.0,72.13,4511.33,30.67,5.43,9.33,1.57,221.67,54.27,74.67,8.0,8.37,11.1,287.5,107.1,69.7,21.33,150.0,3.63,7.45,7.82,3.33,4.33,29.0,18.0,2.67,8.33,33.13,8.33,0.67,1.2,5.0,1.0,0.0,0.66,292.25,224.76
Eli Manning,36.0,15.67,15.67,369.67,581.67,63.53,3931.33,22.0,3.73,13.33,2.3,189.33,44.27,70.0,6.77,6.47,10.63,250.53,86.27,47.47,33.0,229.67,5.33,6.02,5.76,1.33,3.0,16.0,12.33,0.67,3.0,24.3,9.0,1.03,0.8,8.33,0.0,0.0,0.4,207.15,
Jameis Winston,23.0,13.33,12.67,290.33,462.33,63.07,3528.67,22.0,4.73,14.33,3.13,184.33,49.37,59.67,7.67,7.27,12.2,265.7,89.5,59.27,31.67,201.0,6.47,6.78,6.35,1.0,2.0,45.0,193.67,1.0,13.33,43.57,16.33,4.3,15.4,10.67,0.0,0.0,0.38,204.51,283.36
Jared Goff,23.5,15.5,15.5,330.0,519.0,63.5,4246.0,30.0,5.8,9.5,1.8,205.0,48.65,82.0,8.2,8.5,12.9,273.3,100.8,59.95,29.0,197.5,5.3,7.38,7.7,2.5,2.5,35.5,79.5,1.5,6.0,28.8,19.0,2.15,5.1,10.0,1.0,0.0,0.77,267.79,237.51999999999998
Jimmy Garoppolo,25.5,6.0,3.5,81.5,120.5,67.85,1031.0,5.5,5.1,2.5,1.4,51.5,53.65,49.0,8.4,8.75,12.35,171.85,104.75,85.25,5.5,36.0,4.4,7.73,8.1,1.5,1.5,12.5,8.5,0.5,2.5,18.35,9.0,0.65,1.4,1.5,0.0,0.0,1.0,59.09,233.32
Kirk Cousins,29.0,16.0,16.0,392.67,584.0,67.13,4436.0,27.33,4.7,11.67,2.03,213.0,48.73,76.33,7.6,7.6,11.33,277.23,96.93,60.73,34.67,264.67,5.67,6.74,6.77,2.0,2.67,42.33,132.67,3.0,15.0,43.17,18.67,3.1,8.3,10.33,0.33,0.0,0.5,274.04,228.42000000000002
Marcus Mariota,24.0,14.67,14.33,261.67,411.67,64.03,3062.0,16.67,4.0,10.67,2.57,142.33,45.5,65.33,7.43,7.1,11.67,208.17,89.07,57.1,30.67,190.67,7.27,6.47,6.13,2.33,3.0,61.33,339.33,3.0,23.67,57.1,34.0,5.53,23.2,7.0,0.0,0.0,0.56,205.75,
Matt Moore,32.5,4.0,2.5,66.5,107.0,62.3,791.0,6.0,6.15,4.0,3.65,37.5,44.35,63.5,7.55,7.1,12.05,197.8,90.6,60.3,6.5,47.5,4.85,6.85,6.48,1.0,1.5,2.0,4.0,0.0,0.5,83.35,3.0,1.0,1.0,0.5,0.0,0.0,0.33,47.04,38.26
Matt Ryan,32.0,16.0,16.0,379.0,557.0,68.0,4654.33,31.0,5.57,8.67,1.6,225.0,51.37,79.67,8.37,8.77,12.33,290.9,105.53,70.67,34.33,229.0,5.77,7.5,7.87,1.33,2.0,33.33,128.33,1.0,13.0,50.17,16.33,3.87,8.0,6.0,0.33,0.33,0.58,299.67,257.34
Matthew Stafford,29.0,16.0,16.0,375.33,571.33,65.7,4183.33,24.67,4.3,10.33,1.83,208.33,46.43,70.33,7.33,7.37,11.17,261.47,94.17,60.6,41.33,252.67,6.77,6.41,6.45,3.0,4.33,30.33,125.33,0.67,11.0,44.2,16.33,3.93,7.8,7.0,0.0,0.0,0.5,247.87,162.56
Mitchell Trubisky,23.5,13.0,13.0,242.5,382.0,63.0,2708.0,15.5,3.8,9.5,2.45,125.5,42.2,70.0,7.0,6.7,11.2,206.5,86.45,52.15,27.5,169.5,6.9,6.12,5.82,0.5,1.5,54.5,334.5,2.5,21.5,48.9,42.5,6.1,25.4,8.0,0.5,0.0,0.56,183.77,194.82
Nick Foles,28.5,6.0,4.0,99.0,148.0,64.35,975.0,6.0,4.3,3.0,2.05,44.0,40.65,59.0,6.25,6.2,9.7,179.65,87.75,48.25,7.0,45.5,4.55,5.68,5.62,1.5,2.0,10.0,10.0,0.0,3.5,42.45,6.5,1.1,1.9,5.0,0.0,0.0,0.73,48.0,
Patrick Mahomes,22.5,8.5,8.5,202.5,307.5,64.45,2690.5,25.0,4.3,6.5,2.5,126.0,52.75,70.0,8.45,8.2,13.1,301.3,95.1,73.55,14.0,93.0,4.85,7.7,7.47,1.0,1.5,33.5,141.0,1.0,8.5,33.8,16.5,2.95,13.5,4.5,0.5,0.5,0.88,205.72,283.04
Philip Rivers,36.0,16.0,16.0,352.0,553.67,63.77,4403.0,31.0,5.63,14.33,2.57,214.33,48.33,69.67,8.0,7.93,12.5,275.2,96.47,62.6,28.67,170.67,4.93,7.28,7.25,2.0,2.0,16.67,13.33,0.0,1.67,21.17,8.33,0.93,0.83,6.33,1.0,0.0,0.54,260.12,223.50000000000003
Russell Wilson,29.0,16.0,16.0,324.0,508.67,63.87,3883.33,30.0,6.03,9.67,1.87,179.33,45.03,66.33,7.67,8.03,12.0,242.7,99.63,60.93,45.0,323.33,8.3,6.43,6.76,2.67,3.0,78.0,407.0,1.33,25.67,48.1,29.67,5.13,25.43,10.67,0.67,0.0,0.62,283.37,314.59999999999997
Ryan Tannehill,29.0,12.0,12.0,218.5,331.5,65.65,2487.0,18.0,5.55,10.5,3.2,113.0,44.0,74.5,7.45,7.15,11.35,205.15,93.1,40.9,32.0,247.5,9.1,6.08,5.78,3.0,3.0,35.5,154.5,0.5,10.0,44.65,19.0,4.35,12.9,7.0,0.0,0.0,0.53,154.93,218.18
Tom Brady,40.0,14.67,14.67,350.33,527.67,66.5,4162.0,29.67,5.7,7.0,1.27,200.0,50.7,68.67,7.9,8.5,11.9,284.83,104.23,72.97,23.67,145.0,4.23,7.33,7.88,1.33,1.67,25.33,42.33,0.67,9.67,39.47,10.67,1.63,3.1,5.33,1.0,0.33,0.81,268.71,255.67999999999995
Tom Savage,26.5,5.5,4.5,85.5,148.0,59.55,936.5,2.5,1.1,3.0,1.35,45.0,42.35,44.5,6.3,5.95,10.65,165.1,76.15,49.75,13.0,97.5,7.5,5.3,4.94,1.5,1.5,5.0,7.0,0.0,1.0,16.65,7.0,1.25,2.15,4.5,0.0,0.0,0.32,33.16,
Tyrod Taylor,28.0,11.33,10.67,191.33,313.67,57.9,2098.33,11.0,3.2,4.0,1.6,99.33,38.07,59.33,6.4,6.33,11.03,168.8,81.13,48.53,33.67,176.33,10.67,5.13,5.08,1.0,1.0,65.0,377.33,3.67,22.67,49.57,35.0,6.33,32.83,3.67,0.0,0.0,0.51,172.33,
Aaron Rodgers,35.0,13.0,13.0,293.0,468.0,63.0,3373.0,22.33,5.17,4.0,1.17,158.33,45.83,73.67,7.13,7.63,11.37,255.67,96.73,59.03,35.67,268.33,7.37,6.09,6.55,2.33,2.67,37.67,192.67,1.0,13.0,54.3,19.33,5.2,15.4,3.67,0.67,0.0,0.59,234.19,378.86
Andy Dalton,30.5,13.5,13.5,261.5,430.5,60.9,2943.0,23.0,5.4,11.5,2.7,147.5,44.65,63.0,6.85,6.7,11.3,220.4,88.1,52.0,30.0,206.0,6.35,5.98,5.85,3.0,3.5,27.0,99.0,0.0,7.0,31.9,23.0,4.4,7.6,2.5,0.0,0.0,0.45,191.62,134.20000000000002
Baker Mayfield,23.5,15.0,14.5,313.5,510.0,61.6,3776.0,24.5,4.85,17.5,3.4,175.0,44.25,80.0,7.45,6.85,12.05,252.65,86.25,52.8,32.5,229.0,5.95,6.56,6.03,2.0,2.5,33.5,136.0,1.5,11.5,47.8,26.5,4.2,9.1,6.5,0.0,0.0,0.42,223.64,237.02
Ben Roethlisberger,35.5,15.5,15.5,406.0,618.0,65.6,4690.0,31.0,5.0,15.0,2.45,226.0,49.4,97.0,7.6,7.5,11.55,302.0,94.95,68.4,22.5,152.5,3.5,7.08,7.0,2.5,3.5,29.5,72.5,1.5,10.0,36.5,16.0,2.45,4.6,5.0,0.5,0.0,0.7,287.85,255.22000000000003
Blaine Gabbert,28.5,6.5,4.0,78.0,136.0,58.0,856.0,5.0,3.75,5.0,3.75,43.5,39.4,43.5,6.3,5.35,10.85,147.75,73.4,30.1,14.0,93.0,8.3,5.2,4.34,2.0,2.0,14.0,41.0,0.0,4.5,39.4,6.5,1.85,8.2,3.5,0.0,0.0,0.53,41.34,
Blake Bortles,25.5,14.5,14.0,279.0,463.0,60.25,3202.5,17.0,3.6,12.0,2.6,160.5,44.95,77.5,6.85,6.45,11.45,219.75,82.25,51.35,27.5,148.0,5.75,6.19,5.76,0.5,1.0,57.5,343.5,1.5,24.0,55.6,34.5,5.95,24.1,8.5,0.0,0.0,0.44,198.45,
Cam Newton,28.5,15.0,15.0,305.5,481.5,63.5,3348.5,23.0,4.8,14.5,3.05,173.5,46.8,73.0,6.95,6.55,10.95,224.45,87.45,52.95,32.0,227.5,6.2,6.08,5.72,1.5,2.5,120.0,621.0,5.0,41.0,49.05,49.0,5.1,41.0,7.5,0.0,0.0,0.56,274.04,237.48000000000002
Carson Wentz,26.0,13.33,13.33,310.67,482.67,64.57,3469.67,27.0,5.7,7.0,1.5,177.67,48.13,61.0,7.3,7.73,11.27,261.8,99.07,67.8,32.0,198.0,6.3,6.42,6.86,1.67,2.33,53.33,211.67,0.33,18.67,53.37,18.67,3.77,15.57,11.33,0.33,0.0,0.62,233.29,176.4
Case Keenum,29.5,15.5,15.0,345.0,533.5,64.95,3718.5,20.0,3.85,11.0,2.05,179.5,47.5,64.5,7.0,6.85,10.8,239.8,89.75,58.9,28.0,185.5,4.95,6.34,6.21,2.0,3.5,33.0,126.5,1.5,12.0,44.35,19.5,3.8,8.25,6.0,0.0,0.0,0.58,216.39,
Dak Prescott,24.5,16.0,16.0,332.0,508.0,65.3,3604.5,22.0,4.35,10.5,2.1,173.0,44.25,85.5,7.1,7.0,10.85,225.3,91.75,62.6,44.0,266.0,7.85,6.04,5.98,1.5,4.5,66.0,331.0,6.0,27.0,54.95,24.5,5.2,20.7,8.0,0.5,0.0,0.59,264.28,123.53999999999999
Derek Carr,27.0,15.67,15.67,355.0,527.0,67.33,3866.33,20.67,3.93,10.33,1.97,185.33,48.47,76.0,7.33,7.23,10.87,246.53,93.7,53.67,33.33,194.67,5.83,6.57,6.47,2.0,2.33,24.67,65.0,1.0,5.67,29.53,20.67,2.63,4.13,9.0,0.33,0.0,0.36,211.15,264.12
Deshaun Watson,23.5,15.5,15.5,339.0,500.0,67.8,4008.5,26.0,5.2,10.5,2.1,196.5,47.9,63.5,8.0,8.1,11.85,258.55,100.55,66.15,53.0,320.5,9.55,6.67,6.75,4.0,5.0,90.5,482.0,6.0,31.0,50.65,32.0,5.3,30.95,9.5,1.0,0.0,0.68,308.54,
Drew Brees,39.0,14.0,14.0,343.67,467.67,73.57,3768.33,27.33,5.97,5.67,1.2,186.33,55.03,62.33,8.07,8.7,10.93,269.27,111.97,71.87,16.33,118.33,3.37,7.53,8.17,3.0,3.67,24.33,10.0,2.33,6.67,30.4,6.67,0.23,0.63,3.33,1.0,0.0,0.76,257.07,201.48000000000002
Eli Manning,36.5,15.5,15.5,366.0,573.5,63.8,3883.5,20.0,3.45,12.0,2.1,188.5,43.85,67.5,6.8,6.5,10.6,249.95,86.4,48.35,39.0,273.5,6.3,5.89,5.66,0.5,1.5,13.5,23.0,1.0,3.5,31.7,10.5,1.75,1.5,9.0,0.0,0.0,0.26,201.64,
Jacoby Brissett,26.0,15.5,15.0,274.0,458.0,59.85,3020.0,15.5,3.4,6.5,1.4,144.5,41.45,65.0,6.6,6.65,11.0,194.85,84.85,48.05,39.5,232.0,7.85,5.62,5.66,1.0,1.5,59.5,244.0,4.0,17.5,44.35,24.5,4.1,15.75,7.5,0.0,0.0,0.37,203.2,
Jameis Winston,24.0,13.33,12.67,302.0,482.0,63.03,3868.33,23.67,4.87,18.33,3.67,193.33,49.0,68.33,8.0,7.37,12.7,286.93,88.9,58.0,35.67,215.33,6.87,7.04,6.41,1.33,1.67,47.0,222.0,1.0,15.0,45.3,20.33,4.67,17.17,11.33,0.0,0.0,0.33,218.27,
Jared Goff,24.0,15.67,15.67,351.33,554.67,63.3,4376.67,27.33,5.03,11.67,2.07,210.0,48.33,76.67,7.93,8.0,12.53,278.83,96.03,56.83,26.67,188.33,4.67,7.22,7.29,2.0,2.33,34.67,66.33,1.67,5.67,29.3,15.33,1.83,4.23,10.0,0.67,0.0,0.7,257.7,231.98000000000002
Jimmy Garoppolo,27.0,11.0,10.5,224.5,327.0,68.25,2769.0,17.0,4.8,9.0,2.75,137.0,51.45,68.0,8.6,8.3,12.55,254.3,99.1,71.9,22.0,147.0,5.65,7.7,7.42,3.0,3.0,30.5,36.5,1.0,8.5,29.65,9.5,1.0,2.85,5.5,0.0,0.0,0.91,159.41,
Josh Allen,22.5,14.0,13.5,220.0,390.5,55.8,2581.5,15.0,3.7,10.5,2.9,117.5,39.4,64.0,6.6,6.05,11.85,182.95,76.6,49.6,33.0,225.0,7.8,5.54,5.04,3.0,4.0,99.0,570.5,8.5,41.5,56.85,40.5,5.9,42.25,11.0,0.0,0.0,0.54,228.31,381.86
Kirk Cousins,30.0,15.67,15.67,359.67,530.0,67.83,3998.0,27.67,5.3,9.67,1.83,192.33,48.47,71.67,7.6,7.83,11.2,254.87,100.33,58.7,36.33,270.0,6.4,6.64,6.86,1.0,1.67,41.33,121.67,2.0,13.0,42.43,17.0,2.83,7.7,10.67,0.33,0.0,0.55,254.09,288.20000000000005
Lamar Jackson,21.5,15.5,11.0,182.0,285.5,62.15,2164.0,21.0,6.25,4.5,1.65,110.5,47.0,78.5,7.45,7.95,11.95,141.8,98.9,62.8,19.5,88.5,7.0,6.6,7.09,0.5,1.5,161.5,950.5,6.0,58.0,54.5,43.0,5.8,61.9,10.5,0.5,0.5,0.86,271.61,318.78
Marcus Mariota,24.5,14.5,14.0,254.5,392.0,65.45,2880.0,12.0,3.1,11.5,2.85,135.0,45.7,68.0,7.35,6.7,11.3,198.05,85.8,56.1,34.5,208.0,8.45,6.25,5.63,2.5,3.5,62.0,334.5,3.5,24.5,55.65,30.5,5.4,23.15,5.5,0.0,0.0,0.57,183.65,
Matt Moore,34.0,5.0,2.0,68.5,109.0,63.1,760.0,4.0,3.75,2.5,1.95,37.5,44.25,59.0,7.0,6.85,11.1,162.55,88.25,49.5,10.0,80.0,8.35,5.76,5.64,1.0,1.0,4.0,4.0,0.0,0.5,33.35,5.0,1.4,1.05,1.0,0.0,0.0,0.25,39.8,
Matt Ryan,33.0,15.67,15.67,390.67,584.33,66.77,4495.0,27.0,4.6,11.0,1.93,221.0,49.37,85.33,7.7,7.77,11.53,287.13,97.2,64.0,38.0,256.0,6.0,6.83,6.89,2.0,2.0,33.0,138.33,1.33,12.0,52.53,14.33,4.2,8.83,7.67,0.0,0.0,0.51,272.3,
Matthew Stafford,30.0,13.33,13.33,308.33,470.33,65.37,3574.0,23.0,5.13,8.67,1.83,174.67,46.73,68.0,7.77,7.97,11.9,275.47,98.4,62.63,35.0,226.33,6.73,6.79,6.98,1.0,2.0,24.67,78.33,0.0,7.33,39.5,12.33,3.17,6.27,7.67,0.0,0.0,0.46,210.13,254.56
Mitchell Trubisky,24.0,13.67,13.67,270.33,426.67,63.07,2851.33,16.0,3.63,9.67,2.27,135.67,42.57,64.33,6.7,6.43,10.67,207.4,85.3,48.6,31.0,191.0,6.9,5.83,5.56,1.33,2.0,52.33,287.33,2.33,18.33,47.2,36.0,5.4,21.23,7.0,0.33,0.0,0.55,187.45,143.7
Nick Foles,28.5,6.0,4.0,99.0,148.0,64.35,975.0,6.0,4.3,3.0,2.05,44.0,40.65,59.0,6.25,6.2,9.7,179.65,87.75,48.25,7.0,45.5,4.55,5.68,5.62,1.5,2.0,10.0,10.0,0.0,3.5,42.45,6.5,1.1,1.9,5.0,0.0,0.0,0.73,48.0,100.17999999999999
Patrick Mahomes,23.0,10.33,10.33,241.33,366.33,64.93,3137.33,25.33,4.67,6.0,2.0,142.67,52.13,74.33,8.4,8.43,12.93,296.83,98.5,74.93,15.0,104.33,4.37,7.73,7.77,1.0,1.33,36.67,166.67,1.33,10.67,36.5,19.33,3.67,14.2,4.0,0.67,0.33,0.85,231.49,362.40000000000003
Philip Rivers,37.0,16.0,16.0,365.67,558.0,65.63,4479.33,27.67,5.03,14.0,2.5,215.0,49.33,78.0,8.07,7.93,12.23,279.97,96.67,59.87,28.0,182.0,4.77,7.35,7.24,2.0,2.33,16.0,11.33,0.0,1.33,17.6,9.0,0.9,0.7,6.0,0.67,0.0,0.54,250.97,235.95999999999998
Russell Wilson,30.0,16.0,16.0,320.0,498.67,64.33,3847.0,33.33,6.77,7.67,1.53,178.33,45.83,66.67,7.77,8.4,12.03,240.43,104.2,65.73,47.33,332.0,8.8,6.44,7.05,2.67,3.67,79.0,434.67,2.0,25.33,47.5,30.67,5.47,27.17,10.67,1.0,0.0,0.62,306.01,351.78000000000003
Ryan Fitzpatrick,36.0,10.5,8.0,203.5,332.5,60.45,2316.0,13.5,4.15,8.0,2.2,123.0,45.45,46.0,6.9,6.75,11.4,209.55,85.75,63.7,23.5,121.5,5.75,6.21,6.05,1.5,2.5,34.5,160.5,2.0,10.5,49.3,17.5,4.85,14.6,4.5,0.0,0.0,0.53,149.69,142.73999999999998
Ryan Tannehill,30.5,11.5,10.5,188.5,280.0,67.25,2360.5,19.5,6.95,7.5,2.7,109.0,46.75,83.0,8.4,8.6,12.4,204.2,105.1,48.7,33.0,245.5,10.55,6.74,6.9,2.5,3.0,37.5,165.0,2.0,11.5,43.55,22.5,4.4,14.3,5.0,0.5,0.0,0.58,175.92,327.36
Sam Darnold,21.5,13.0,13.0,256.0,427.5,59.8,2944.5,18.0,4.2,14.0,3.25,138.5,43.45,84.0,6.9,6.25,11.55,226.5,80.95,45.75,31.5,208.0,6.9,5.96,5.37,1.5,2.0,38.5,100.0,1.5,11.0,32.95,26.0,2.5,7.7,8.0,0.0,0.0,0.42,164.78,
Tom Brady,41.0,16.0,16.0,377.67,588.0,64.3,4329.67,28.33,4.83,9.0,1.53,209.33,48.53,62.0,7.37,7.67,11.47,270.63,96.17,65.07,27.67,177.67,4.5,6.76,7.02,1.33,1.67,24.67,32.33,1.67,8.67,36.7,11.33,1.3,2.03,5.0,0.67,0.33,0.75,271.75,331.92
Tyrod Taylor,28.5,9.5,8.5,152.5,252.5,56.0,1636.0,8.0,2.85,3.0,1.7,75.0,35.55,47.0,6.15,5.95,10.95,152.45,76.85,41.6,29.5,168.5,11.6,4.73,4.58,1.0,1.0,50.0,276.0,2.5,17.0,49.6,28.0,6.45,29.9,3.5,0.0,0.0,0.54,127.04,9.02
Aaron Rodgers,36.0,16.0,16.0,365.67,564.0,65.0,4247.67,33.0,5.97,3.67,0.67,201.67,48.37,75.67,7.53,8.43,11.6,265.47,104.83,63.43,35.0,273.0,5.77,6.67,7.52,2.0,2.67,42.33,200.33,2.0,14.67,53.3,18.0,4.73,12.5,4.67,1.0,0.33,0.68,317.27,326.70000000000005
Andy Dalton,32.0,11.0,10.0,221.0,349.0,63.4,2368.0,17.5,5.0,9.5,2.7,124.0,48.3,59.0,6.75,6.55,10.7,215.3,88.45,52.75,22.5,170.5,6.05,5.9,5.7,2.5,3.5,22.0,106.5,0.0,7.5,43.75,17.0,5.15,9.7,1.5,0.0,0.0,0.45,153.37,80.19999999999999
Baker Mayfield,24.0,15.33,15.0,310.67,502.0,62.0,3705.0,25.0,5.0,14.33,2.8,179.33,45.97,78.33,7.4,7.13,11.93,242.67,89.47,57.03,30.33,206.67,5.67,6.59,6.34,2.0,2.33,40.33,145.67,1.33,13.67,47.3,27.0,3.83,9.5,7.0,0.0,0.0,0.51,228.1,
Ben Roethlisberger,37.0,15.5,15.5,425.5,641.5,66.3,4466.0,33.5,5.2,13.0,2.0,220.5,49.75,90.5,6.95,7.05,10.4,287.05,95.3,61.05,18.5,142.0,2.75,6.52,6.65,3.0,3.5,28.0,54.5,1.5,8.0,31.8,14.5,1.8,3.4,6.0,0.0,0.0,0.7,289.09,202.1
Cam Newton,30.0,14.5,14.5,281.0,419.5,66.85,3026.0,16.0,3.65,11.5,2.75,156.5,47.85,66.0,7.2,6.7,10.8,209.8,88.55,46.3,30.0,204.0,6.8,6.26,5.8,1.5,2.5,119.0,540.0,8.0,45.5,51.25,39.0,4.55,37.2,6.0,0.0,0.0,0.45,252.04,
Carson Wentz,27.0,13.0,13.0,306.0,481.67,63.63,3244.33,21.33,4.43,9.67,2.1,167.33,46.37,56.67,6.8,6.7,10.6,250.07,89.37,55.57,39.33,252.67,7.73,5.76,5.71,2.33,2.67,49.33,204.0,2.0,18.0,56.83,24.0,3.97,15.57,11.67,0.0,0.0,0.43,204.84,
Dak Prescott,26.0,10.5,10.5,253.5,374.0,67.85,2870.5,15.5,4.15,6.0,1.65,138.5,50.6,74.0,7.9,7.95,11.6,307.0,98.25,64.15,33.0,206.5,6.95,6.9,6.97,2.0,3.0,46.5,199.0,4.5,16.5,51.15,20.0,4.65,18.85,7.5,0.5,0.0,0.51,196.72,298.56000000000006
Daniel Jones,22.5,13.5,13.0,282.0,453.5,62.2,2985.0,17.5,3.85,11.0,2.4,148.5,41.9,64.0,6.6,6.3,10.6,221.5,84.05,54.85,41.5,290.5,8.35,5.44,5.15,0.5,1.0,55.0,351.0,1.5,19.0,55.65,53.0,6.35,25.85,14.5,0.0,0.0,0.3,182.5,150.92000000000002
Derek Carr,28.0,16.0,16.0,363.33,527.67,68.87,4068.67,22.33,4.23,9.0,1.7,193.33,49.93,75.33,7.7,7.8,11.2,254.3,98.7,58.3,35.33,211.0,6.2,6.88,6.96,2.67,3.67,30.0,89.67,2.0,9.33,38.77,16.0,2.87,5.6,10.0,0.0,0.0,0.4,235.05,240.95999999999998
Deshaun Watson,23.5,15.5,15.5,339.0,500.0,67.8,4008.5,26.0,5.2,10.5,2.1,196.5,47.9,63.5,8.0,8.1,11.85,258.55,100.55,66.15,53.0,320.5,9.55,6.67,6.75,4.0,5.0,90.5,482.0,6.0,31.0,50.65,32.0,5.3,30.95,9.5,1.0,0.0,0.68,308.54,
Drew Brees,40.0,12.67,12.67,306.67,419.0,73.07,3304.33,27.67,6.6,5.0,1.2,168.33,55.37,61.67,7.87,8.63,10.77,260.7,112.8,73.6,14.0,99.67,3.23,7.38,8.13,2.67,4.0,19.33,5.33,2.33,5.67,27.7,5.33,0.07,0.3,3.67,0.67,0.0,0.78,240.04,
Drew Lock,23.5,9.0,9.0,177.0,299.5,60.7,1976.5,11.5,4.05,9.0,2.65,99.5,42.6,70.0,6.55,6.2,10.85,214.8,82.55,45.7,12.0,74.5,3.6,6.12,5.76,1.0,1.5,31.0,116.0,1.5,9.0,48.35,14.0,3.8,13.35,5.5,0.0,0.0,0.55,116.66,
Dwayne Haskins,22.5,8.0,6.5,133.5,222.0,60.0,1402.0,6.0,2.75,7.0,3.15,69.0,38.35,62.5,6.35,5.5,10.6,178.65,74.55,26.4,24.5,172.5,10.1,4.98,4.2,1.0,1.0,20.0,73.5,0.5,6.5,40.0,21.0,3.7,8.9,6.0,0.0,0.0,0.23,64.43,
Gardner Minshew II,23.5,11.5,10.0,250.5,398.5,63.35,2765.0,18.5,4.7,5.5,1.4,133.5,44.95,60.5,6.95,7.25,11.0,242.3,93.55,44.3,30.0,165.5,7.1,6.06,6.34,2.0,2.0,48.0,248.5,0.5,15.0,49.25,18.5,5.2,20.8,8.5,0.0,0.0,0.31,184.45,
Jameis Winston,24.5,13.5,12.5,312.0,502.0,62.65,4050.5,26.0,5.15,22.0,4.25,197.5,48.65,67.5,8.05,7.2,12.85,295.65,87.25,60.95,37.0,219.5,6.85,7.08,6.26,1.0,1.5,54.0,265.5,1.0,18.5,45.2,22.0,4.95,20.55,9.5,0.0,0.0,0.39,235.57,115.4
Jared Goff,25.0,15.67,15.67,376.0,579.67,64.93,4426.0,24.67,4.27,13.67,2.37,215.67,50.07,64.0,7.67,7.43,11.8,282.13,92.53,55.0,26.0,184.67,4.33,7.0,6.81,1.67,2.33,42.33,82.33,2.67,8.67,33.4,11.33,1.87,5.3,9.67,0.33,0.0,0.66,253.27,180.5
Josh Allen,23.0,14.67,14.33,278.67,451.0,60.27,3235.67,22.33,4.63,10.33,2.5,154.33,45.1,61.0,7.03,6.87,11.73,216.63,86.8,58.6,30.67,203.0,6.63,6.13,5.97,2.67,3.67,100.0,520.67,8.33,40.33,56.2,35.0,5.3,36.93,10.33,0.33,0.0,0.63,279.49,
Kirk Cousins,31.0,15.67,15.67,360.33,522.0,68.93,4055.33,30.33,5.9,9.67,1.87,198.33,50.33,70.67,7.83,8.17,11.33,258.47,104.03,58.57,35.67,241.33,6.37,6.89,7.21,1.0,1.33,35.67,114.0,1.0,12.0,45.9,16.33,3.23,7.23,9.33,0.33,0.0,0.55,262.95,280.34000000000003
Kyler Murray,22.5,16.0,16.0,362.0,550.0,65.8,3846.5,23.0,4.2,12.0,2.2,189.0,46.3,84.0,7.0,6.85,10.65,240.4,90.85,59.8,37.5,242.5,6.35,6.14,6.0,2.0,3.0,113.0,681.5,7.5,39.5,52.75,41.5,6.0,42.6,7.0,0.5,0.0,0.42,321.01,273.78
Lamar Jackson,22.0,15.33,12.33,202.0,315.67,62.9,2361.67,22.67,6.47,6.0,1.9,119.67,46.73,68.0,7.4,7.83,11.77,155.8,99.03,64.3,22.67,112.33,7.07,6.54,6.96,0.67,1.33,160.67,968.67,6.33,57.33,53.53,45.33,5.97,63.6,10.33,0.33,0.33,0.82,287.33,229.98000000000002
Matt Ryan,33.5,15.5,15.5,415.0,612.0,67.8,4695.0,30.5,5.0,10.5,1.75,232.0,49.1,84.0,7.7,7.9,11.3,302.75,100.1,62.65,45.0,306.0,6.85,6.68,6.9,2.0,1.5,33.5,136.0,2.0,12.5,53.8,13.5,4.05,8.8,9.5,0.0,0.0,0.45,295.4,206.92
Matthew Stafford,31.0,13.33,13.33,297.67,458.0,64.87,3453.33,22.0,5.07,8.67,1.87,173.0,47.5,68.67,7.7,7.9,11.9,267.93,97.4,61.3,32.0,215.33,6.4,6.78,6.94,1.67,2.0,24.67,83.0,0.0,8.33,45.23,13.0,3.33,6.57,4.33,0.0,0.0,0.37,208.43,319.74
Mitchell Trubisky,25.0,13.0,12.67,271.33,415.67,65.6,2805.33,19.0,4.73,10.0,2.47,143.67,48.63,58.67,6.8,6.67,10.37,214.97,90.63,55.43,26.67,167.33,5.93,6.03,5.88,1.67,2.0,49.67,269.67,2.0,17.67,55.4,35.67,5.37,20.83,5.67,0.33,0.0,0.66,195.85,
Nick Foles,30.0,7.0,6.0,171.5,253.5,68.5,1632.5,8.5,3.4,6.0,2.35,76.0,43.25,66.5,6.55,6.2,9.6,244.2,88.4,50.7,13.5,96.0,4.95,5.94,5.6,2.0,2.0,12.5,9.0,0.5,4.0,39.6,5.5,1.0,1.75,3.0,0.0,0.0,0.54,85.2,12.8
Nick Mullens,24.0,9.0,8.0,193.5,300.0,64.45,2357.0,12.5,4.2,11.0,3.65,113.0,47.45,67.0,7.9,7.1,12.2,264.15,87.45,44.0,18.0,133.0,5.65,7.02,6.26,0.5,1.0,13.5,-4.0,0.0,1.0,13.9,4.5,0.0,-0.6,4.0,0.0,0.0,0.31,113.88,
Patrick Mahomes,24.0,15.0,15.0,364.0,550.67,66.07,4622.67,38.0,6.83,7.67,1.37,217.0,53.03,82.33,8.4,9.13,12.7,307.5,109.1,78.7,21.67,148.33,3.77,7.82,8.53,2.0,2.0,55.0,266.0,2.0,18.0,49.47,25.67,4.87,17.7,5.67,1.0,0.33,0.82,348.84,347.66
Philip Rivers,38.0,16.0,16.0,368.67,547.33,67.43,4364.0,26.33,4.87,14.33,2.6,209.33,50.9,71.33,8.0,7.83,11.83,272.77,97.0,57.77,28.33,181.33,4.9,7.28,7.1,2.0,2.67,16.0,9.33,0.0,1.0,13.9,7.33,0.8,0.57,4.0,0.33,0.0,0.58,244.16,
Russell Wilson,31.0,16.0,16.0,335.0,500.33,66.83,3923.33,35.33,7.13,8.33,1.63,186.33,48.37,62.67,7.87,8.53,11.8,245.23,107.43,67.3,48.67,325.0,9.0,6.55,7.17,3.0,4.0,75.0,410.33,1.67,21.67,47.53,33.0,5.47,25.67,8.33,1.0,0.0,0.69,315.97,230.82
Ryan Fitzpatrick,37.5,12.0,10.0,247.0,384.5,65.25,2810.0,16.5,4.45,10.5,2.8,144.0,49.7,60.5,7.4,7.1,11.35,233.8,90.55,69.6,27.0,137.0,6.2,6.67,6.32,2.0,2.5,42.0,197.0,3.0,14.0,52.6,18.5,4.75,16.5,5.5,0.0,0.0,0.48,184.1,
Ryan Tannehill,31.0,13.0,12.33,230.67,347.0,66.67,2846.67,24.0,6.93,7.33,2.3,140.0,48.53,80.33,8.23,8.63,12.3,215.7,105.57,56.67,30.0,221.33,8.63,6.9,7.24,3.33,4.0,39.33,198.67,3.67,15.0,51.5,30.0,5.0,15.07,5.33,0.33,0.0,0.61,226.4,254.36
Sam Darnold,21.5,13.0,13.0,256.0,427.5,59.8,2944.5,18.0,4.2,14.0,3.25,138.5,43.45,84.0,6.9,6.25,11.55,226.5,80.95,45.75,31.5,208.0,6.9,5.96,5.37,1.5,2.0,38.5,100.0,1.5,11.0,32.95,26.0,2.5,7.7,8.0,0.0,0.0,0.42,164.78,
Tom Brady,42.0,16.0,16.0,383.0,597.67,64.1,4348.33,31.0,5.2,10.33,1.73,210.33,48.5,57.33,7.27,7.53,11.37,271.8,95.97,63.37,23.0,158.33,3.7,6.76,7.01,1.67,2.0,26.33,25.0,2.67,8.0,33.8,10.33,1.0,1.57,4.0,0.33,0.0,0.71,287.77,372.74
Tyrod Taylor,30.0,3.0,2.0,29.0,57.5,51.35,340.5,1.0,1.2,1.0,1.2,13.5,33.05,42.0,6.25,5.95,12.15,111.15,69.95,21.8,7.5,41.0,9.8,5.24,4.98,1.0,0.5,11.0,66.0,0.5,3.5,36.5,14.0,4.5,17.4,1.5,0.0,0.0,0.75,22.22,
Aaron Rodgers,37.0,16.0,16.0,363.67,542.0,67.2,4138.67,37.0,6.9,4.33,0.83,206.0,49.97,75.67,7.63,8.67,11.37,258.67,109.6,68.8,28.67,218.0,5.0,6.9,7.87,1.33,2.33,39.0,144.33,2.33,11.33,42.17,16.33,3.67,9.0,3.67,1.0,0.67,0.81,325.98,227.20000000000002
Andy Dalton,33.5,9.5,7.5,182.5,284.5,64.0,1842.5,11.0,3.8,8.5,3.1,99.5,45.55,64.5,6.45,5.85,10.1,193.35,82.1,42.65,21.0,163.5,6.9,5.48,4.89,1.5,2.0,22.0,95.0,0.0,6.5,50.0,13.5,4.45,9.95,1.5,0.0,0.0,0.47,107.2,164.24
Baker Mayfield,24.5,16.0,16.0,311.0,510.0,61.1,3695.0,24.0,4.7,14.5,2.75,183.5,45.95,82.0,7.25,6.95,11.9,230.95,87.35,59.95,33.0,223.5,6.05,6.4,6.12,1.5,1.5,41.0,153.0,2.0,16.5,51.7,23.0,4.05,9.55,7.0,0.0,0.0,0.53,228.1,107.42
Ben Roethlisberger,38.5,15.5,15.5,394.5,606.5,65.05,3771.5,27.5,4.5,10.0,1.65,190.5,45.6,71.5,6.25,6.4,9.55,243.65,90.45,46.9,25.5,178.5,4.0,5.68,5.85,5.0,5.5,22.5,8.0,0.5,3.0,16.0,9.5,0.35,0.5,8.0,0.0,0.0,0.68,228.66,
Brandon Allen,28.5,5.5,3.0,53.5,88.0,56.7,537.0,3.5,4.7,2.0,1.4,23.5,33.35,49.0,5.45,5.8,9.55,104.9,81.8,23.95,5.5,42.0,7.6,4.46,4.72,0.5,1.0,10.0,13.0,0.0,3.0,30.25,3.5,1.0,2.6,1.0,0.0,0.0,0.1,30.78,
Carson Wentz,27.5,14.0,14.0,319.5,522.0,60.65,3329.5,21.5,4.05,11.0,2.3,171.5,44.2,56.0,6.35,6.1,10.4,235.35,82.95,52.35,43.5,278.0,8.0,5.31,5.12,2.5,3.0,57.0,259.5,3.0,23.0,63.2,29.5,4.6,19.1,13.0,0.0,0.0,0.42,215.13,98.8
Dak Prescott,27.5,10.5,10.5,280.5,409.0,68.4,3152.5,23.0,5.15,7.0,1.75,160.0,53.7,54.5,7.95,8.2,11.6,324.65,101.9,66.8,20.0,105.0,4.55,7.3,7.53,1.0,1.5,33.0,119.5,2.0,7.5,41.35,16.5,4.1,13.85,8.5,0.0,0.0,0.54,211.05,192.6
Daniel Jones,23.0,12.67,12.33,265.33,422.67,62.9,2799.33,15.0,3.5,9.67,2.23,137.67,42.57,60.67,6.63,6.33,10.57,221.23,84.3,52.4,35.0,247.0,7.47,5.6,5.31,0.67,1.0,57.33,333.33,1.67,18.0,53.23,50.67,5.83,26.27,12.0,0.0,0.0,0.32,171.97,279.0
Derek Carr,29.0,16.33,16.33,379.0,552.0,68.7,4320.33,23.67,4.33,10.33,1.83,200.0,50.33,73.67,7.83,7.87,11.4,264.13,98.73,62.27,31.67,191.67,5.4,7.09,7.13,2.67,4.67,35.33,110.0,1.67,10.67,42.37,18.33,3.1,6.77,10.33,0.0,0.0,0.51,247.15,211.07999999999998
Drew Brees,40.5,11.5,11.5,278.0,384.0,72.4,2960.5,25.5,6.65,5.0,1.3,154.0,54.4,56.5,7.7,8.45,10.65,258.0,111.35,70.8,12.5,89.0,3.15,7.24,7.96,1.0,2.5,13.5,-3.0,1.5,3.0,22.2,2.5,-0.25,-0.3,3.0,0.5,0.0,0.74,213.12,
Drew Lock,23.5,9.0,9.0,177.0,299.5,60.7,1976.5,11.5,4.05,9.0,2.65,99.5,42.6,70.0,6.55,6.2,10.85,214.8,82.55,45.7,12.0,74.5,3.6,6.12,5.76,1.0,1.5,31.0,116.0,1.5,9.0,48.35,14.0,3.8,13.35,5.5,0.0,0.0,0.55,116.66,
Dwayne Haskins,22.5,8.0,6.5,133.5,222.0,60.0,1402.0,6.0,2.75,7.0,3.15,69.0,38.35,62.5,6.35,5.5,10.6,178.65,74.55,26.4,24.5,172.5,10.1,4.98,4.2,1.0,1.0,20.0,73.5,0.5,6.5,40.0,21.0,3.7,8.9,6.0,0.0,0.0,0.23,64.43,
Gardner Minshew II,23.5,11.5,10.0,250.5,398.5,63.35,2765.0,18.5,4.7,5.5,1.4,133.5,44.95,60.5,6.95,7.25,11.0,242.3,93.55,44.3,30.0,165.5,7.1,6.06,6.34,2.0,2.0,48.0,248.5,0.5,15.0,49.25,18.5,5.2,20.8,8.5,0.0,0.0,0.31,184.45,
Jameis Winston,26.0,11.5,11.5,237.5,393.5,59.85,3139.5,23.5,7.0,16.5,3.35,149.5,45.75,71.5,7.75,7.65,12.85,243.2,93.55,62.75,29.0,175.5,6.7,6.78,6.7,1.0,1.5,45.5,208.0,1.0,17.5,46.8,23.0,4.7,19.65,7.0,0.0,0.0,0.58,199.38,35.92
Jared Goff,26.0,15.0,15.0,365.33,557.33,65.7,3945.0,20.33,3.63,12.33,2.2,192.0,48.8,61.67,7.07,6.8,10.77,261.73,89.33,48.97,26.67,203.67,4.67,6.36,6.12,1.0,1.67,33.67,75.33,2.0,7.0,32.33,14.67,2.73,5.1,8.67,0.0,0.0,0.46,216.67,272.82
Jimmy Garoppolo,29.0,15.5,15.5,315.0,458.5,68.7,3894.0,23.5,5.1,12.5,2.7,182.5,49.5,79.0,8.5,8.3,12.4,251.3,100.35,60.0,32.5,219.0,6.6,7.49,7.3,3.5,3.5,42.0,56.5,2.0,14.0,40.0,9.0,1.3,3.65,9.0,0.0,0.0,0.71,224.41,162.78000000000003
Josh Allen,23.5,16.0,16.0,333.5,516.5,64.0,3816.5,28.5,5.4,9.5,1.85,187.0,49.1,54.0,7.3,7.6,11.45,238.55,96.25,63.0,32.0,198.0,5.95,6.52,6.76,3.0,4.0,105.5,465.5,8.5,40.0,54.5,30.0,4.4,29.1,11.5,0.5,0.0,0.72,322.21,375.52
Justin Herbert,22.5,16.0,16.0,419.5,633.5,66.25,4675.0,34.5,5.45,12.5,1.95,236.0,49.45,72.0,7.4,7.6,11.1,292.0,98.0,66.75,31.5,216.0,4.75,6.7,6.9,3.0,4.0,59.0,268.0,4.0,24.0,53.9,33.5,4.55,16.7,4.5,0.5,0.0,0.46,341.8,268.26
Kirk Cousins,32.0,15.67,15.67,342.67,507.0,67.67,4029.67,31.33,6.2,8.67,1.7,189.67,49.27,67.0,7.97,8.43,11.73,256.87,105.17,58.17,31.67,219.67,5.9,7.08,7.53,1.67,2.67,30.67,111.33,1.0,10.67,49.87,19.67,3.63,7.07,10.33,0.67,0.0,0.53,265.65,277.58
Kyler Murray,23.0,15.33,15.33,352.33,527.0,66.93,3826.67,23.33,4.47,11.33,2.17,183.33,47.4,81.67,7.3,7.2,10.9,250.43,94.1,60.93,35.33,257.0,6.27,6.37,6.3,1.67,2.33,104.67,595.33,6.67,34.67,52.97,46.67,5.6,38.47,9.0,0.67,0.0,0.49,305.27,180.52
Lamar Jackson,23.0,14.0,14.0,251.0,386.33,64.97,2922.0,26.0,6.7,9.33,2.43,144.67,47.87,59.67,7.53,7.8,11.63,210.83,99.87,69.03,30.0,152.0,7.2,6.65,6.89,2.0,2.33,156.0,992.67,5.33,58.33,55.33,42.67,6.33,70.43,8.33,0.67,0.33,0.73,316.81,228.08
Mason Rudolph,25.0,6.0,4.5,105.5,170.5,61.25,1021.0,7.0,3.15,5.0,2.45,48.0,41.0,56.0,5.5,5.0,8.95,157.5,76.4,40.8,7.5,62.0,2.5,5.14,4.68,1.0,0.5,13.0,47.5,0.0,4.5,46.65,19.5,6.3,15.35,2.5,0.0,0.0,0.62,58.59,
Matt Ryan,35.0,16.0,16.0,391.5,588.0,66.6,4217.0,23.0,3.9,13.0,2.2,211.5,46.25,78.5,7.2,6.95,10.75,265.55,91.25,55.9,44.0,295.0,6.95,6.2,6.0,3.0,3.0,37.0,114.5,1.0,9.5,40.0,14.5,3.2,7.3,10.0,0.0,0.0,0.44,232.13,135.28
Matthew Stafford,32.0,13.67,13.67,310.0,473.33,65.23,3823.0,28.67,6.07,10.67,2.13,185.0,49.8,72.67,8.13,8.4,12.5,285.03,101.73,67.27,28.67,211.33,5.77,7.26,7.5,2.67,3.0,27.0,73.67,0.0,8.33,41.0,13.67,2.83,5.93,4.0,0.0,0.0,0.48,245.62,
Mitchell Trubisky,25.5,12.5,12.0,262.5,406.5,65.1,2596.5,16.5,4.35,9.0,2.3,140.0,48.5,53.0,6.5,6.35,9.95,207.35,88.25,47.65,28.0,179.5,6.3,5.68,5.52,2.0,2.0,40.5,194.0,1.5,12.0,53.7,34.0,4.95,16.2,5.5,0.0,0.0,0.6,169.26,71.88
Nick Foles,31.5,5.0,4.0,113.0,173.5,66.65,1051.0,5.5,3.05,4.0,1.3,53.5,45.05,40.0,6.5,6.55,9.8,227.9,89.65,43.8,11.0,83.0,7.9,5.52,5.54,1.5,1.5,10.0,4.5,0.5,1.5,31.25,7.5,1.05,4.05,1.5,0.0,0.0,0.64,56.49,
Patrick Mahomes,25.0,15.33,15.33,381.67,576.67,66.17,4536.67,33.67,5.83,8.0,1.33,224.67,52.73,77.67,7.93,8.47,11.97,296.17,104.0,74.5,22.33,140.0,3.7,7.39,7.93,2.33,2.33,57.0,302.33,2.0,20.67,48.37,27.0,5.3,19.5,5.67,1.0,0.0,0.81,331.03,399.8
Philip Rivers,38.5,16.0,16.0,379.5,567.0,67.0,4392.0,23.5,4.15,15.5,2.7,208.5,50.35,69.5,7.75,7.4,11.55,274.5,92.75,52.75,26.5,170.0,4.4,7.12,6.75,1.5,2.5,15.0,10.5,0.0,1.0,12.5,7.5,1.0,0.65,5.0,0.0,0.0,0.5,229.73,
Russell Wilson,32.0,15.33,15.33,328.0,491.33,66.57,3811.67,32.0,6.5,8.0,1.6,179.33,48.53,63.67,7.77,8.33,11.7,247.53,104.83,66.4,42.67,295.33,7.97,6.59,7.12,2.33,3.0,67.0,346.0,2.33,19.67,45.37,25.33,5.03,22.2,7.0,1.0,0.0,0.62,299.07,216.66000000000003
Ryan Fitzpatrick,37.5,12.0,10.0,247.0,384.5,65.25,2810.0,16.5,4.45,10.5,2.8,144.0,49.7,60.5,7.4,7.1,11.35,233.8,90.55,69.6,27.0,137.0,6.2,6.67,6.32,2.0,2.5,42.0,197.0,3.0,14.0,52.6,18.5,4.75,16.5,5.5,0.0,0.0,0.48,184.1,
Ryan Tannehill,32.0,15.0,14.33,291.0,432.67,67.67,3431.67,25.33,6.2,9.0,2.07,173.33,49.9,74.33,8.17,8.5,12.07,228.93,104.53,66.2,34.0,237.33,7.57,7.03,7.32,3.33,4.33,47.0,240.33,6.0,23.0,59.8,32.67,5.13,15.97,7.0,0.33,0.0,0.7,266.63,
Teddy Bridgewater,28.0,11.5,9.5,209.0,311.0,67.4,2218.0,13.5,4.4,4.5,1.3,106.5,46.55,54.5,7.15,7.4,10.55,185.9,97.0,52.15,21.5,150.0,6.3,6.22,6.49,0.5,1.5,29.0,68.5,1.0,10.0,40.7,12.0,2.3,5.5,1.0,0.0,0.0,0.75,144.57,
Tom Brady,43.0,16.33,16.33,419.67,647.33,64.67,4668.67,35.67,5.5,10.67,1.67,231.67,48.77,57.0,7.2,7.53,11.17,285.3,97.43,64.93,23.33,157.33,3.5,6.72,7.06,2.33,3.0,28.0,40.33,2.67,9.33,37.17,11.33,1.47,2.43,4.0,0.33,0.0,0.73,320.11,265.65999999999997
Tua Tagovailoa,22.5,11.5,10.5,224.5,339.0,65.95,2233.5,13.5,3.95,7.5,2.15,118.5,48.95,50.0,6.55,6.35,9.95,192.75,88.6,50.25,20.0,144.0,5.7,5.77,5.6,1.0,2.0,39.0,118.5,3.0,13.0,46.65,20.0,3.0,10.35,5.0,0.0,0.0,0.62,148.19,220.92000000000002
Aaron Rodgers,38.0,16.33,16.33,362.67,533.0,68.07,4036.33,37.0,6.97,7.0,1.33,202.0,50.33,70.33,7.57,8.4,11.13,247.77,108.17,65.07,27.33,209.33,4.87,6.84,7.61,1.67,2.67,35.0,114.67,2.33,11.33,41.37,16.67,3.27,7.03,5.0,0.67,0.67,0.7,310.92,
Andy Dalton,34.0,11.0,9.67,205.67,315.67,64.9,2185.33,13.33,4.13,8.67,2.87,111.33,46.67,64.33,6.83,6.4,10.53,197.27,86.47,46.13,22.33,172.0,6.67,5.87,5.44,1.33,1.67,24.67,81.33,0.0,6.33,44.43,13.67,3.57,7.93,2.67,0.0,0.0,0.46,126.21,
Baker Mayfield,26.0,14.0,13.0,253.0,410.5,61.4,2863.0,18.0,4.15,8.0,2.0,141.0,43.7,75.0,6.9,6.85,11.25,201.5,87.45,45.9,31.0,189.5,7.4,5.94,5.88,1.5,1.5,42.5,127.0,1.0,12.5,37.65,22.5,3.0,8.85,8.5,0.0,0.0,0.44,172.22,260.06
Ben Roethlisberger,38.5,15.5,15.5,394.5,606.5,65.05,3771.5,27.5,4.5,10.0,1.65,190.5,45.6,71.5,6.25,6.4,9.55,243.65,90.45,46.9,25.5,178.5,4.0,5.68,5.85,5.0,5.5,22.5,8.0,0.5,3.0,16.0,9.5,0.35,0.5,8.0,0.0,0.0,0.68,228.66,
Brandon Allen,28.5,5.5,3.0,53.5,88.0,56.7,537.0,3.5,4.7,2.0,1.4,23.5,33.35,49.0,5.45,5.8,9.55,104.9,81.8,23.95,5.5,42.0,7.6,4.46,4.72,0.5,1.0,10.0,13.0,0.0,3.0,30.25,3.5,1.0,2.6,1.0,0.0,0.0,0.1,30.78,
Carson Wentz,29.0,10.0,9.5,211.5,356.5,59.85,2187.5,13.5,3.85,12.0,3.35,107.5,41.2,67.0,6.2,5.45,10.3,218.85,76.5,38.15,38.0,242.5,9.45,5.0,4.32,2.5,2.0,37.0,181.0,3.0,14.5,56.75,29.0,4.6,16.9,8.0,0.0,0.0,0.28,137.6,
Cooper Rush,28.5,7.0,3.0,62.0,104.5,60.9,736.5,4.0,4.75,2.0,2.0,35.0,39.25,59.5,7.75,7.8,12.65,100.6,92.55,54.3,5.0,34.0,5.05,7.0,7.04,0.5,1.5,9.0,-1.0,0.0,0.5,5.55,4.0,-0.1,-0.45,1.5,0.0,0.0,0.9,38.36,
Dak Prescott,28.0,11.0,11.0,274.0,404.0,67.67,3055.0,23.0,5.37,9.67,2.43,154.0,53.03,59.0,7.73,7.7,11.4,295.87,98.3,64.5,20.0,112.0,4.63,7.07,7.05,1.33,1.67,37.0,140.33,1.67,11.33,44.6,19.33,4.07,14.3,7.0,0.0,0.0,0.58,204.9,334.84
Daniel Jones,24.0,13.67,13.67,276.33,427.0,64.67,2858.67,12.0,2.83,7.33,1.73,143.0,44.13,57.33,6.7,6.47,10.37,210.4,85.9,54.8,37.0,229.67,7.77,5.68,5.48,1.67,2.0,82.33,476.33,3.33,30.0,50.73,50.33,5.73,33.87,7.67,0.0,0.0,0.44,199.98,50.96
Derek Carr,30.0,16.0,16.0,360.33,548.33,65.5,4143.0,24.67,4.57,12.33,2.23,190.0,47.53,68.67,7.53,7.43,11.5,257.93,93.9,60.1,31.0,194.0,5.3,6.81,6.71,3.33,4.67,34.33,116.67,1.0,11.67,47.93,20.0,3.53,7.33,9.33,0.33,0.0,0.5,238.72,229.12
Jalen Hurts,23.5,15.0,15.0,285.5,446.0,63.9,3422.5,19.0,4.25,7.5,1.7,154.0,45.15,79.5,7.65,7.75,12.0,228.15,94.35,61.45,32.0,190.5,6.65,6.76,6.83,1.5,2.0,152.0,772.0,11.5,61.5,60.65,36.5,5.1,51.5,9.0,0.5,0.0,0.73,326.1,348.82
Jameis Winston,27.5,5.0,5.0,84.0,138.0,61.25,1014.0,9.0,6.1,4.0,3.1,45.5,44.25,61.5,7.4,7.2,12.05,226.55,91.15,52.25,11.0,71.5,7.55,6.31,6.16,0.5,1.0,18.5,91.0,0.5,8.5,48.15,13.0,4.2,14.5,2.5,0.0,0.0,0.52,75.66,
Jared Goff,27.0,15.33,15.33,361.33,544.33,66.43,3878.33,22.67,4.1,9.33,1.73,194.33,49.67,66.67,7.13,7.13,10.7,252.13,93.6,53.2,27.0,199.0,4.8,6.4,6.45,1.67,2.0,32.33,86.33,1.33,7.0,30.27,16.67,3.17,5.7,7.67,0.33,0.0,0.45,228.43,281.1
Jimmy Garoppolo,30.5,13.0,12.5,254.0,374.5,67.75,3123.5,18.0,4.85,8.0,2.0,143.0,51.75,70.0,8.25,8.35,12.25,237.75,100.85,57.75,23.5,150.5,5.85,7.42,7.49,2.0,2.0,30.5,42.0,2.5,13.5,47.6,6.5,1.35,3.2,5.5,0.0,0.0,0.65,189.14,60.1
Joe Burrow,25.5,16.0,16.0,390.0,563.0,69.35,4543.0,34.5,6.15,13.0,2.35,212.0,48.85,71.0,8.15,8.3,11.7,283.95,104.55,60.5,46.0,314.5,7.6,6.98,7.14,2.5,3.5,57.5,187.5,3.5,21.0,44.65,17.5,3.2,11.75,5.5,0.5,0.0,0.69,322.47,
Josh Allen,25.0,16.0,16.0,377.5,569.5,66.25,4413.5,36.0,6.35,12.0,2.1,221.0,54.35,76.5,7.75,8.1,11.7,275.85,101.9,75.0,29.5,160.5,4.9,7.1,7.4,2.5,3.5,113.0,591.5,7.5,46.5,58.1,34.0,5.1,36.95,11.0,1.0,0.0,0.81,378.69,380.64
Justin Herbert,23.0,16.33,16.33,438.67,655.33,66.9,4696.33,31.33,4.83,11.67,1.77,233.33,48.4,66.33,7.2,7.37,10.7,287.6,96.4,64.57,33.67,212.67,4.9,6.52,6.67,3.33,4.33,57.33,227.67,2.67,21.67,49.5,30.0,3.93,14.0,5.67,0.33,0.0,0.51,317.29,224.16000000000003
Kirk Cousins,33.0,16.33,16.33,381.67,573.33,66.6,4344.33,32.33,5.73,11.33,1.97,211.33,47.9,67.0,7.63,7.87,11.4,265.97,100.2,55.47,37.67,260.67,6.17,6.72,6.97,4.0,5.0,30.67,122.67,1.33,11.67,48.8,21.33,4.0,7.57,9.33,0.67,0.0,0.57,282.04,
Kyler Murray,24.0,13.67,13.67,322.33,476.33,67.6,3375.33,21.33,4.43,9.67,2.03,165.33,47.87,65.0,7.03,7.0,10.37,244.67,94.03,59.57,27.67,218.0,5.57,6.19,6.17,1.67,2.0,96.0,553.33,6.33,33.33,57.23,49.0,5.73,39.8,10.0,0.67,0.0,0.47,274.35,130.36
Lamar Jackson,24.0,13.0,13.0,230.33,361.33,63.7,2627.0,19.67,5.43,9.67,2.63,126.0,45.9,57.0,7.23,7.17,11.37,203.6,92.47,61.73,31.0,154.67,7.87,6.29,6.2,2.0,2.33,134.67,845.33,4.0,50.33,57.43,53.33,6.3,64.87,7.0,0.33,0.0,0.66,258.95,319.22
Mac Jones,23.5,15.5,15.5,320.0,481.5,66.4,3399.0,18.0,3.7,12.0,2.5,152.0,45.2,61.5,7.05,6.65,10.6,218.85,88.65,47.65,31.0,236.0,6.1,6.14,5.79,0.5,0.5,45.5,115.5,0.5,17.0,43.15,14.0,2.55,7.45,6.0,0.5,0.0,0.51,186.51,104.4
Matt Ryan,36.5,14.5,14.5,342.0,510.5,67.0,3512.5,17.0,3.3,12.5,2.45,175.5,45.45,54.5,6.85,6.4,10.25,244.1,87.15,48.55,39.0,280.5,7.15,5.86,5.43,4.0,4.0,33.5,76.0,1.0,9.0,33.5,28.0,2.35,5.3,13.0,0.0,0.0,0.39,171.1,
Matthew Stafford,32.5,16.5,16.5,371.5,564.5,65.7,4485.0,33.5,5.85,13.5,2.35,219.0,50.25,76.0,7.9,8.05,12.05,271.35,99.6,65.25,34.0,248.5,5.75,7.06,7.17,3.0,4.0,30.5,77.5,0.0,10.0,41.5,14.5,2.6,4.75,3.5,0.0,0.0,0.51,287.15,239.1
Mitchell Trubisky,27.0,8.5,7.0,158.0,238.5,66.0,1653.5,10.0,3.8,6.5,2.75,94.5,49.6,49.0,6.95,6.5,10.5,192.2,87.3,56.15,14.5,96.5,5.75,6.16,5.72,0.5,1.0,26.0,116.5,1.5,9.5,58.1,27.0,3.95,12.45,3.0,0.0,0.0,0.53,107.79,
Nick Foles,31.5,5.0,4.0,113.0,173.5,66.65,1051.0,5.5,3.05,4.0,1.3,53.5,45.05,40.0,6.5,6.55,9.8,227.9,89.65,43.8,11.0,83.0,7.9,5.52,5.54,1.5,1.5,10.0,4.5,0.5,1.5,31.25,7.5,1.05,4.05,1.5,0.0,0.0,0.64,56.49,
Patrick Mahomes,26.0,16.33,16.33,420.33,631.33,66.57,4943.0,38.67,6.13,10.33,1.63,256.67,53.97,72.33,7.87,8.33,11.8,303.13,103.97,74.93,25.33,160.33,3.87,7.29,7.78,3.33,3.33,63.0,349.0,2.67,24.0,54.07,25.33,5.57,21.33,6.33,1.0,0.33,0.82,369.95,276.22
Russell Wilson,33.0,15.0,15.0,311.67,480.33,64.7,3616.33,27.0,5.6,10.0,2.03,163.33,44.07,66.0,7.53,7.73,11.7,240.2,97.53,55.47,45.0,311.67,8.53,6.3,6.49,2.0,2.33,60.33,324.33,2.33,21.0,48.57,24.67,5.17,21.23,6.33,0.67,0.0,0.48,266.42,242.89999999999998
Ryan Tannehill,32.5,16.5,16.5,336.0,506.0,66.35,3776.5,27.0,5.45,10.5,2.05,197.0,49.15,66.0,7.45,7.65,11.3,229.15,98.05,67.2,35.5,250.0,6.45,6.56,6.72,4.0,5.0,49.0,268.0,7.0,27.5,66.45,36.5,5.55,16.25,8.0,0.0,0.0,0.7,290.86,72.04
Taylor Heinicke,28.5,12.5,12.0,241.0,376.5,63.6,2639.0,16.0,4.3,10.5,2.65,130.0,44.05,67.0,7.05,6.75,11.1,210.15,87.75,46.15,28.5,209.5,6.95,6.04,5.73,2.5,2.5,44.0,204.5,1.0,13.0,46.55,26.5,4.3,15.15,7.0,0.0,0.0,0.55,161.01,
Tom Brady,44.0,16.67,16.67,458.67,687.33,66.67,4881.0,36.0,5.33,11.0,1.63,246.33,50.57,58.33,7.13,7.43,10.73,292.8,98.33,64.57,21.67,149.0,3.07,6.7,7.02,3.33,4.33,29.0,28.67,2.0,8.33,31.37,6.33,1.03,1.7,4.33,0.33,0.0,0.64,323.44,
Trevor Lawrence,22.5,17.0,17.0,373.0,593.0,62.95,3877.0,18.5,3.15,12.5,2.1,191.5,46.35,58.5,6.5,6.25,10.35,228.05,83.55,47.6,29.5,211.0,4.7,5.9,5.6,2.0,2.0,67.5,312.5,3.5,24.5,55.2,25.0,4.65,18.35,10.5,0.5,0.0,0.35,235.33,250.54000000000002
Tua Tagovailoa,23.0,12.0,11.33,236.0,359.33,65.57,2671.67,17.33,4.73,7.67,2.1,133.0,49.27,61.33,7.33,7.3,11.2,219.47,94.23,57.03,20.33,150.33,5.47,6.53,6.53,1.33,2.0,33.67,102.33,2.0,10.0,42.7,19.33,3.0,8.7,5.33,0.0,0.0,0.62,172.43,254.36
Tyler Huntley,23.5,6.5,4.0,98.5,150.0,65.95,869.5,2.5,1.7,3.5,2.4,43.0,42.1,41.5,5.85,5.05,8.85,132.05,76.9,49.0,12.5,70.5,7.3,4.99,4.3,1.0,1.0,45.0,215.5,1.5,17.0,47.4,17.5,4.75,32.4,3.5,0.5,0.0,0.38,61.33,
Zach Wilson,22.5,11.0,11.0,172.5,312.5,55.05,2011.0,7.5,2.4,9.0,2.9,92.5,37.35,66.5,6.55,5.75,11.9,183.55,71.25,35.95,33.5,272.5,9.5,5.15,4.42,1.0,1.5,28.5,143.5,2.5,8.5,43.85,35.0,5.0,12.75,3.0,0.0,0.0,0.39,115.79,107.94
,38.5,16.5,16.5,358.0,536.5,66.75,3905.0,31.5,5.9,8.0,1.5,195.0,47.85,66.5,7.25,7.8,10.9,237.3,101.5,57.7,31.0,223.0,5.45,6.5,6.98,2.0,3.0,33.5,97.5,2.0,9.5,34.4,18.0,2.95,5.9,5.5,0.5,0.5,0.64,276.95,
,34.5,11.0,10.0,200.5,307.0,64.9,2193.0,13.0,4.1,9.0,3.1,109.0,45.9,62.0,7.0,6.45,10.8,197.25,86.05,46.15,21.5,166.0,6.65,6.03,5.49,1.0,1.0,23.0,65.0,0.0,4.0,41.65,14.0,3.3,6.7,3.0,0.0,0.0,0.46,122.22,
,27.5,14.5,13.5,282.5,450.5,62.15,3103.5,19.0,3.95,9.0,2.1,141.0,41.35,75.0,6.8,6.65,10.95,209.1,86.8,40.3,38.0,224.5,8.15,5.77,5.64,1.0,1.5,46.5,126.0,1.0,11.5,32.25,24.0,2.75,8.5,8.5,0.5,0.0,0.36,183.74,
,28.5,7.0,3.0,62.0,104.5,60.9,736.5,4.0,4.75,2.0,2.0,35.0,39.25,59.5,7.75,7.8,12.65,100.6,92.55,54.3,5.0,34.0,5.05,7.0,7.04,0.5,1.5,9.0,-1.0,0.0,0.5,5.55,4.0,-0.1,-0.45,1.5,0.0,0.0,0.9,38.36,
,29.0,15.0,15.0,360.33,526.67,68.17,3941.67,32.0,6.03,11.33,2.33,197.0,51.53,70.33,7.5,7.63,10.97,260.67,100.4,64.37,29.67,175.0,5.27,6.75,6.9,1.67,2.33,49.33,190.0,1.33,15.67,43.63,22.67,3.8,12.83,7.33,0.33,0.0,0.69,275.33,
,25.0,11.0,11.0,219.0,331.0,66.33,2180.67,9.0,2.43,6.0,2.27,105.0,42.33,59.0,6.4,5.83,9.67,190.83,82.6,48.9,32.0,190.0,10.0,5.19,4.73,2.0,2.33,74.0,404.0,3.33,29.33,53.37,29.33,5.3,35.23,5.67,0.0,0.0,0.38,160.29,
,31.0,16.33,16.33,369.33,558.67,65.87,4068.0,24.0,4.37,12.0,2.17,187.67,46.27,59.67,7.27,7.13,11.0,248.5,92.67,57.5,32.67,216.67,5.5,6.49,6.39,2.33,3.33,32.0,83.33,0.0,7.67,38.33,17.33,2.77,5.2,8.0,0.33,0.0,0.51,227.05,
,23.5,9.5,8.5,161.0,251.5,63.85,1772.0,7.0,2.4,6.0,1.55,86.5,44.4,55.5,6.75,6.5,10.55,183.05,84.9,46.05,20.0,115.0,7.35,5.87,5.68,1.5,2.5,34.5,128.5,2.5,11.0,37.35,20.5,3.8,14.45,7.5,0.0,0.0,0.48,99.73,
,32.5,16.0,16.0,361.0,535.5,67.25,3953.0,25.0,4.6,10.0,1.85,187.5,47.7,63.5,7.4,7.5,10.95,246.75,96.5,61.15,38.5,289.5,6.6,6.38,6.46,3.0,4.0,52.5,260.5,1.0,17.0,48.2,25.0,4.8,15.9,6.5,1.0,0.0,0.53,257.17,
,24.0,15.67,15.67,307.67,476.67,64.4,3567.67,20.33,4.27,10.0,2.07,164.33,45.67,74.0,7.5,7.43,11.67,227.73,92.6,61.0,33.33,201.0,6.53,6.61,6.54,2.0,2.67,153.67,716.33,12.67,63.67,60.8,32.33,4.7,46.2,9.0,0.67,0.0,0.7,333.67,
,27.5,5.0,5.0,84.0,138.0,61.25,1014.0,9.0,6.1,4.0,3.1,45.5,44.25,61.5,7.4,7.2,12.05,226.55,91.15,52.25,11.0,71.5,7.55,6.31,6.16,0.5,1.0,18.5,91.0,0.5,8.5,48.15,13.0,4.2,14.5,2.5,0.0,0.0,0.52,75.66,
,28.0,16.0,16.0,373.67,562.0,66.53,4086.0,26.0,4.57,9.0,1.6,205.33,49.37,71.33,7.27,7.43,10.87,254.0,96.23,56.37,29.33,211.0,5.03,6.5,6.69,2.33,2.67,26.0,60.33,0.67,4.67,25.13,17.0,2.77,3.9,7.33,0.33,0.0,0.49,244.81,
,31.0,11.0,10.33,206.0,306.0,66.87,2484.0,14.33,4.6,8.33,3.1,115.33,50.33,57.33,7.87,7.43,11.83,215.87,93.13,49.8,20.33,134.0,6.47,6.96,6.52,2.0,2.0,27.0,41.0,1.67,11.0,41.73,7.33,1.57,4.0,4.0,0.0,0.0,0.6,146.13,
,25.5,16.0,16.0,390.0,563.0,69.35,4543.0,34.5,6.15,13.0,2.35,212.0,48.85,71.0,8.15,8.3,11.7,283.95,104.55,60.5,46.0,314.5,7.6,6.98,7.14,2.5,3.5,57.5,187.5,3.5,21.0,44.65,17.5,3.2,11.75,5.5,0.5,0.0,0.69,322.47,
,37.5,5.0,4.5,116.5,197.5,58.95,1333.5,9.0,4.5,5.5,2.75,57.5,43.0,70.5,6.7,6.35,11.35,266.7,82.7,42.2,9.0,61.5,4.4,6.12,5.8,1.0,1.0,6.0,4.0,0.0,2.0,33.3,5.0,1.1,0.8,4.5,0.0,0.0,0.52,69.74,
,26.5,16.5,16.5,372.0,573.0,64.9,4294.5,32.0,5.6,16.0,2.8,206.5,51.45,89.5,7.5,7.35,11.55,260.5,94.4,71.5,28.5,157.0,4.75,6.88,6.75,2.5,4.0,117.5,643.0,11.0,56.0,63.55,33.5,5.4,39.2,10.0,0.5,0.0,0.73,378.08,
,23.5,14.0,14.0,209.5,344.0,60.9,2402.0,16.5,4.8,10.0,2.95,106.0,37.55,57.0,7.0,6.65,11.5,173.3,85.75,51.2,49.5,322.0,12.65,5.28,4.96,1.0,1.5,142.0,900.0,6.0,54.0,54.35,53.0,6.2,63.35,13.0,0.0,0.0,0.29,242.08,
,24.0,15.67,15.67,405.67,609.0,66.4,4295.67,27.67,4.57,10.67,1.7,211.33,47.87,62.33,7.07,7.2,10.6,271.6,94.7,65.07,32.67,217.67,5.2,6.32,6.44,3.33,3.67,56.33,225.67,2.0,20.33,46.6,31.33,3.97,14.63,4.33,0.33,0.0,0.5,287.06,
,24.5,12.5,12.0,223.0,356.5,62.5,2237.0,6.5,1.85,6.5,1.75,107.0,42.15,64.5,6.3,5.85,10.05,178.7,79.05,45.85,25.0,177.5,6.55,5.4,5.0,3.0,3.5,48.5,145.5,2.0,17.5,49.05,17.0,2.8,11.35,3.0,0.0,0.0,0.58,123.03,
,33.5,16.5,16.5,398.0,602.0,66.1,4384.0,31.0,5.2,10.5,1.7,211.0,46.25,65.0,7.3,7.55,11.0,265.65,97.8,55.3,37.0,263.0,5.75,6.48,6.74,5.5,6.0,30.0,106.0,1.5,9.5,43.5,24.0,3.55,6.45,9.5,1.0,0.0,0.63,278.96,
,25.0,11.0,11.0,256.0,379.67,67.1,2651.33,16.0,4.1,7.33,1.93,126.33,46.13,54.33,6.9,6.83,10.23,236.9,92.4,54.67,24.67,199.0,6.13,5.98,5.95,1.33,1.33,66.33,361.67,3.67,21.0,57.9,44.0,5.5,32.9,9.33,0.33,0.0,0.43,194.89,
,25.0,13.33,13.33,252.0,388.33,64.63,2934.0,19.0,4.9,9.0,2.33,135.67,46.57,68.0,7.47,7.43,11.57,218.97,93.6,60.87,33.67,174.0,7.97,6.49,6.41,2.0,2.0,131.0,784.0,3.33,47.67,58.27,46.67,6.03,59.63,7.33,0.67,0.33,0.69,259.09,
,24.0,14.0,14.0,288.0,436.0,65.9,2972.67,15.33,3.43,12.0,2.83,134.67,44.57,60.33,6.73,6.17,10.23,210.13,84.77,44.0,28.0,199.67,6.07,5.91,5.36,0.67,0.67,39.0,109.0,0.33,15.0,48.0,15.33,2.93,7.87,5.0,0.33,0.0,0.4,159.14,
,27.0,3.0,2.0,45.0,66.0,67.3,498.0,2.0,2.9,0.5,0.85,21.0,44.45,61.0,7.25,7.4,10.5,159.15,94.4,58.0,3.0,21.5,3.75,6.62,6.77,0.5,0.5,7.5,30.5,0.0,3.5,50.0,16.5,5.7,14.25,2.0,0.0,0.0,1.0,25.97,
,36.5,14.5,14.5,342.0,510.5,67.0,3512.5,17.0,3.3,12.5,2.45,175.5,45.45,54.5,6.85,6.4,10.25,244.1,87.15,48.55,39.0,280.5,7.15,5.86,5.43,4.0,4.0,33.5,76.0,1.0,9.0,33.5,28.0,2.35,5.3,13.0,0.0,0.0,0.39,171.1,
,34.0,16.0,16.0,365.0,561.0,64.9,4425.5,32.5,5.7,14.0,2.45,210.0,50.05,79.5,7.85,7.9,12.15,275.85,97.7,66.35,30.0,224.0,5.1,7.09,7.12,2.0,3.0,26.5,54.0,0.0,6.0,32.3,10.5,2.2,3.4,2.5,0.5,0.0,0.65,279.42,
,27.0,16.67,16.67,424.0,634.33,66.87,4757.33,35.0,5.47,13.0,2.07,246.0,52.0,69.67,7.5,7.67,11.2,284.93,98.77,69.93,27.0,173.33,4.1,6.92,7.09,2.67,3.0,67.33,376.0,2.0,25.67,53.23,25.67,5.63,22.6,6.33,1.0,0.33,0.72,341.23,
,34.0,14.67,14.67,282.67,443.33,63.9,3235.67,22.33,5.13,8.33,1.87,137.33,41.37,65.33,7.33,7.5,11.47,220.67,95.17,50.0,44.33,297.33,8.97,6.06,6.23,2.33,2.67,59.33,267.0,2.67,25.33,50.03,19.0,4.53,18.1,7.33,0.33,0.0,0.39,230.13,
,34.0,13.5,12.5,253.0,380.5,66.0,2675.0,12.5,2.85,10.5,2.8,133.0,43.5,63.5,7.0,6.3,10.65,190.6,84.05,48.45,39.5,278.5,10.15,5.59,4.96,2.0,2.5,36.0,172.0,4.0,18.5,50.4,25.5,4.65,11.65,7.0,0.0,0.0,0.54,163.2,
,28.5,12.5,12.0,241.0,376.5,63.6,2639.0,16.0,4.3,10.5,2.65,130.0,44.05,67.0,7.05,6.75,11.1,210.15,87.75,46.15,28.5,209.5,6.95,6.04,5.73,2.5,2.5,44.0,204.5,1.0,13.0,46.55,26.5,4.3,15.15,7.0,0.0,0.0,0.55,161.01,
,44.5,17.0,17.0,487.5,726.0,67.15,5005.0,34.0,4.7,10.5,1.45,253.0,51.05,62.5,6.9,7.15,10.3,294.4,96.4,63.85,22.0,152.0,2.95,6.5,6.77,3.5,5.0,28.5,40.0,1.5,9.5,35.4,7.5,1.45,2.35,4.5,0.5,0.0,0.62,319.2,
,23.0,16.67,16.67,372.0,583.33,63.83,3923.33,19.33,3.33,13.0,2.23,187.33,46.37,60.67,6.7,6.4,10.53,235.7,85.2,50.43,31.33,215.33,5.07,6.04,5.73,1.67,2.0,68.33,321.33,3.67,24.0,52.5,25.33,4.7,19.3,11.0,0.33,0.0,0.4,240.4,
,31.0,5.5,3.5,97.0,170.5,56.8,939.0,6.5,3.6,3.5,2.1,48.0,37.65,38.0,5.4,5.2,9.55,168.55,75.25,27.85,8.5,52.0,4.8,4.89,4.67,1.0,1.0,10.0,30.0,0.5,3.5,38.35,15.0,2.9,5.65,4.0,0.0,0.0,0.33,54.56,
,24.0,14.33,14.0,303.33,449.33,67.3,3608.33,23.33,5.2,10.67,2.37,173.67,50.3,75.67,8.0,7.97,11.9,249.67,98.9,62.37,23.33,162.0,4.93,7.24,7.22,1.33,2.0,33.33,90.67,1.0,7.33,31.77,16.67,2.7,6.53,9.33,0.33,0.0,0.62,212.73,
,23.5,6.5,4.0,98.5,150.0,65.95,869.5,2.5,1.7,3.5,2.4,43.0,42.1,41.5,5.85,5.05,8.85,132.05,76.9,49.0,12.5,70.5,7.3,4.99,4.3,1.0,1.0,45.0,215.5,1.5,17.0,47.4,17.5,4.75,32.4,3.5,0.5,0.0,0.38,61.33,
,23.0,11.33,11.0,188.67,331.0,56.73,2097.67,7.67,2.33,8.33,2.57,96.33,37.07,67.0,6.43,5.77,11.37,185.47,73.23,34.17,37.67,295.0,10.03,4.99,4.37,1.67,1.67,31.0,166.0,1.67,8.0,43.13,30.0,5.3,14.37,5.67,0.0,0.0,0.38,113.17,
